"id","title","match","zotero_key","DOI","flag"
"rec01Sym3p8O4bSMn","Locomotor activity in spinal cord-injured persons","strict","GKN9S4JZ","10.1152/japplphysiol.00942.2003",""
"rec0k5AJjSxNrEexP","RHYTHMIC PATTERNS IN THE THORACIC NERVE CORD OF THE STICK INSECT INDUCED BY PILOCARPINE","strict","CK2NF8VD","10.1242/jeb.198.2.435",""
"rec2gECWIzFDn4tsj","What mechanisms coordinate leg movement in walking arthropods?","strict","GFF6HJZW","10.1016/0166-2236(90)90057-H",""
"rec2jytMTqUIEJMaK","Synaptic control of hindlimb motoneurones during three forms of the fictive scratch reflex in the turtle.","strict","76ZBD6RT","10.1113/jphysiol.1988.sp017281",""
"rec2l3X3DRev8OZEt","Simulations of neuromuscular control in lamprey swimming","strict","XAVF83U8","10.1098/rstb.1999.0441",""
"rec3237UGETrSD0Uw","Modeling the spinal cord neural circuitry controlling cat hindlimb movement during locomotion","strict","ZWG2647T","10.1016/S0925-2312(02)00832-9",""
"rec5nlSDkEYm0W4Zs","Organization of mammalian locomotor rhythm and pattern generation","strict","9ID7ASV7","10.1016/j.brainresrev.2007.08.006",""
"rec6EhQhpWHDNDPX5","Modulation of forelimb and hindlimb muscle activity during quadrupedal tied-belt and split-belt locomotion in intact cats","strict","9UA8CYPG","10.1016/j.neuroscience.2014.12.084",""
"rec6biPs0jRaVO5Wj","Intra-muscle Synergies Stabilizing Reflex-mediated Force Changes","strict","48FEM3CD","10.1016/j.neuroscience.2022.10.009",""
"rec6lfBtg6uUvOxsZ","The neuromechanical tuning hypothesis","strict","T2LK3IM5","10.1016/S0079-6123(06)65016-4",""
"rec78NasDfISVsyLl","Modular organization of murine locomotor pattern in the presence and absence of sensory feedback from muscle spindles","strict","N63HA8YN","10.1113/jp277515",""
"rec7kjoASidTkVaOM","Degradation of mouse locomotor pattern in the absence of proprioceptive sensory feedback","strict","TQVQL9W7","10.1073/pnas.1419045111",""
"rec8WdUONYgfvw1zw","A Role for Hip Position Initiating the Swing to Stance Transition in Walking Cats","adjudicated","HBAEC9DM","10.1152/jn.00511.2005",""
"rec8jxlUJWMZw73UO","Control of oscillation periods and phase durations in half-center central pattern generators: a comparative mechanistic analysis","strict","J3WDY2YY","10.1007/s10827-008-0124-4",""
"rec9QuN0QkmKaK8nF","The Role of Proprioceptive Feedback in the Regulation and Adaptation of Locomotor Activity","loose","DTAEXW5V","10.1007/978-1-4615-0713-0_40",""
"rec9m5Jii31v6NV9M","A neuromechanical simulation of insect walking and transition to turning of the cockroach Blaberus discoidalis","strict","66KVYB3J","10.1007/s00422-013-0573-3",""
"rec9s9QNUNgTbbtQX","Neuromechanical Modeling of Posture and Locomotion","strict","7388U9W7","",""
"recAcAFyWwwCLEAqY","Diversified physiological sensory input connectivity questions the existence of distinct classes of spinal interneurons","strict","RKNVIVD6","10.1016/j.isci.2022.104083",""
"recBw9Zqf4F6xcr4o","Nonlinear Modulation of Cutaneous Reflexes with Increasing Speed of Locomotion in Spinal Cats","strict","753KL7RM","10.1523/JNEUROSCI.3042-16.2017",""
"recCFeBMqwumM6uPE","Current Principles of Motor Control, with Special Reference to Vertebrate Locomotion","strict","3RHFE8KI","10.1152/physrev.00015.2019",""
"recDKSwBYMQO5uNiK","Organization of left-right coordination of neuronal activity in the mammalian spinal cord: Insights from computational modelling","strict","ZQ2YLZKM","10.1113/JP270121",""
"recDT62aen4FMrVhd","Positive force feedback in bouncing gaits?","adjudicated","INYJVQYV","10.1098/rspb.2003.2454",""
"recEo8zrcYm7PAsFe","Sophisticated spinal contributions to motor control","strict","DM5F38IE","10.1016/S0166-2236(03)00073-0",""
"recEvGQ0MflxZ13yF","Decentralized control of insect walking: A simple neural network explains a wide range of behavioral and neurophysiological results","strict","9HFMIKJ2","10.1371/journal.pcbi.1007804",""
"recFcuIXzjebeAqZF","Intralimb and Interlimb Cutaneous Reflexes during Locomotion in the Intact Cat","strict","29VYEMDX","10.1523/JNEUROSCI.3288-17.2018",""
"recFoowp3GLdTtl5p","Sensory feedback in cockroach locomotion: current knowledge and open questions","strict","8VCB7RAL","10.1007/s00359-014-0968-1",""
"recGXAkc9YqiOxZyT","Ipsilateral and Contralateral Interactions in Spinal Locomotor Circuits Mediated by V1 Neurons: Insights from Computational Modeling","strict","TZUCY8C5","10.3390/ijms23105541",""
"recHUhzNl3CEaF8pE","Leg coordination mechanisms in the stick inspect applied to hexapod robot locomotion","adjudicated","HJUK3CTI","10.1177/105971239300100404",""
"recHcv62OUhTEklV2","Assessing sensory function in locomotor systems using neuro-mechanical simulations","strict","KAQJLCMY","10.1016/j.tins.2006.08.007",""
"recIKY3z8nHIQBBVJ","Distributed force feedback in the Spinal Cord and the regulation of limb mechanics","strict","JDG5TCXN","10.1152/jn.00216.2017",""
"recIzSEo9c2ncsgD0","Inhibition of flexor burst generation by loading ankle extensor muscles in walking cats","strict","LFNMW4Q8","10.1016/0006-8993(80)90206-1",""
"recJxL69hcXETbH84","Transmission in a locomotor-related group Ib pathway from hindlimb extensor muscles in the cat","loose","BW2B2RGZ","10.1007/bf00228410",""
"recK0c5jhXlSJghSr","Neuromechanical model of rat hind limb walking with two layer CPGs","loose","89GWZLI7","",""
"recK3poWZVE1BWpQc","Role of sensory feedback in the control of stance duration in walking cats","loose","TN2DVMAX","10.1016/j.brainresrev.2007.06.014",""
"recLQre1rXrmJOLU3","Recurrent inhibition from motor axon collaterals of transmission in the Ia inhibitory pathway to motoneurones","none","","",""
"recLhkoL8t6Ml2EGz","Mechanosensation and Adaptive Motor Control in Insects","strict","DZPSWJ2K","10.1016/j.cub.2016.06.070",""
"recM0Spre5cjj30My","Development and Training of a Neural Controller for Hind Leg Walking in a Dog Robot","strict","XDA3LUST","10.3389/fnbot.2017.00018",""
"recMcpcQFIzyzjnES","Organization of flexor–extensor interactions in the mammalian spinal cord: insights from computational modelling","loose","XECA7KR8","10.1113/JP272437",""
"recMmj8yLv1Uq6pyQ","A biologically based neural system coordinates the joints and legs of a tetrapod","strict","UCXWC7G5","10.1088/1748-3190/10/5/055004",""
"recMtTCxNxZPV7XQt","INTERNEURONAL RELAY IN SPINAL PATHWAYS FROM PROPRIOCEPTORS","strict","IBJGX3D7","10.1016/0301-0082(92)90024-9",""
"recPnDjXSKqOF4BDt","Proprioception and locomotor disorders","strict","RWM9IQHU","10.1038/nrn939",""
"recPoyqO9O9txmwm5","Speed dependency in a-motoneuron activity and locomotor modules in human locomotion: indirect evidence for phylogenetically conserved spinal circuits","adjudicated","PUVMGVWH","10.1098/rspb.2017.0290",""
"recQVHpLsp1C9n2mW","On the Influence of Group III/IV Muscle Afferent Feedback on Endurance Exercise Performance","strict","3PA3EATE","10.1249/JES.0000000000000233",""
"recQd6HSYCeWFpUbu","The spinal control of locomotion and step-to-step variability in left-right symmetry from slow to moderate speeds","strict","UPNR3K6B","10.1152/jn.00419.2015",""
"recQkgW6mi6AezV1b","On the Organization of the Locomotor CPG: Insights From Split-Belt Locomotion and Mathematical Modeling","strict","R7CM72K8","10.3389/fnins.2020.598888","resolved: published version over bioRxiv preprint"
"recQkmqddP5htUGpf","Insect Walking and Biorobotics: A Relationship with Mutual Benefits","strict","XXIATGXX","10.1641/0006-3568(2000)050[0023:IWABAR]2.3.CO;2",""
"recRIvcDW0p0T6DDa","Brainstem Circuits for Locomotion","strict","MY5G7QAY","10.1146/annurev-neuro-082321-025137",""
"recRRXllFjR4hJBVE","Spinal control of muscle synergies for adult mammalian locomotion","strict","QZ5P4NTQ","10.1113/JP277018",""
"recTKRkkbCvTuRqeK","Load-regulating mechanisms in gait and posture: Comparative aspects.","strict","YB3UHSM3","10.1152/physrev.2000.80.1.83",""
"recUQzJIupLCDV5g1","Five basic muscle activation patterns account for muscle activity during human locomotion","adjudicated","HQZAC8XN","10.1113/jphysiol.2003.057174",""
"recV6UpcysNrMaRLB","Human lumbar cord circuitries can be activated by extrinsic tonic input to generate locomotor-like activity","strict","D2DKJCJH","10.1016/j.humov.2007.01.005",""
"recV7qGPJWiTDrPsM","Modelling spinal circuitry involved in locomotor pattern generation: insights from the effects of afferent stimulation","strict","IYMF9ATJ","10.1113/jphysiol.2006.118711",""
"recV8nQBbNyZDolul","Computational modeling of spinal circuits controlling limb coordination and gaits in quadrupeds","strict","N3DFZEXB","10.7554/eLife.31050",""
"recVlk7Kg9rIPLH2v","On the central generation of locomotion in the low spinal cat","strict","F95DLUEW","10.1007/BF00235671",""
"recWXxJaQbUDJd31b","Activity of interneurons mediating reciprocal 1a inhibition during locomotion","strict","25Z45LIN","10.1016/0006-8993(75)90974-9",""
"recWqAJogrnb38985","Neuromechanical Principles Underlying Movement Modularity and Their Implications for Rehabilitation","strict","Q2T5ETAQ","10.1016/j.neuron.2015.02.042",""
"recXa5IYgA1M55Wii","Using animal data and neural dynamics to reverse engineer a neuromechanical rat model","strict","4TKK3VFS","10.1007/978-3-319-22979-9_21",""
"recaEiW1fv8QTlWkz","A model of scale effects in mammalian quadrupedal running","strict","F8VY9WMT","",""
"recb1Jn0d5PIm6gpk","Decoding the mechanisms of gait generation in salamanders by combining neurobiology, modeling and robotics","strict","HJXF4BCU","10.1007/s00422-012-0543-1",""
"recdEuThwTVOEdcwz","Ankle extensor group I afferents excite extensors throughout the hindlimb during fictive locomotion in the cat.","strict","J347PRR7","10.1113/jphysiol.1995.sp020871",""
"recdSXsgiaZQQGIQ5","Force feedback reinforces muscle synergies in insect legs","none","","",""
"recdWB4Bh9FKPEHYK","Neuromechanical Simulation of an inter-leg controller for tetrapod coordination","strict","UVF3CP9T","10.1007/978-3-319-09435-9_13",""
"rece0GWaNeVWzC8pG","A Muscle-Reflex Model That Encodes Principles of Legged Mechanics Produces Human Walking Dynamics and Muscle Activities","strict","JPHHF8XP","10.1109/TNSRE.2010.2047592",""
"receWDFQyRMe7UvvZ","Resonance tuning in a neuro-musculo-skeletal model of the forearm","strict","5PC5PQBR","10.1007/s00422-006-0112-6",""
"receqsanpBJrR4x5v","New Moves in Motor Control","strict","TV4WQU3X","10.1016/j.cub.2011.05.029",""
"recf6gvkwsPmIHY3N","AnimatLab: A 3D graphics environment for neuromechanical simulations","strict","X6WHYDNF","10.1016/j.jneumeth.2010.01.005",""
"recfCLJpSnraphHug","Modeling the mammalian locomotor CPG: insights from mistakes and perturbations","strict","UBNGALD4","10.1016/S0079-6123(06)65015-2",""
"recfRnmXD28Ogkq4e","Control of Mammalian Locomotion by Somatosensory Feedback","strict","43FIWMFJ","10.1002/cphy.c210020",""
"recfiz9tzgn955QdA","Contribution of Hind Limb Flexor Muscle","adjudicated","FIN3YLAZ","10.1152/jn.1996.75.3.1126",""
"recgNahYOEnT2yzYE","Proprioceptive modulation of hip flexor activity during the swing phase of locomotion in decerebrate cats.","strict","UG24YCQW","10.1152/jn.2001.86.3.1321",""
"recgWW7JlRJMm851a","The construction of movement by the spinal cord","strict","29CTRI2X","10.1038/5721",""
"rech5DPeIL8qPxKbO","A Simple Experimentally Based Model Using Proprioceptive Regulation of Motor Primitives Captures Adjusted Trajectory Formation in Spinal Frogs","strict","DF9YS6WD","10.1152/jn.01054.2007",""
"rechUE1t6xgIgzBSA","Human spinal locomotor control is based on flexibly organized burst generators","strict","54IGXNA5","10.1093/brain/awu372",""
"reciO5icPjQnMFNqb","Development and functional organization of spinal locomotor circuits","strict","7ID949EQ","10.1016/j.conb.2010.09.004",""
"reciegFAzFZ7ogh1m","Strategies for delineating spinal locomotor rhythm-generating networks and the possible role of Hb9 interneurones in rhythmogenesis","strict","FW2V5EY2","10.1016/j.brainresrev.2007.06.025",""
"recinBYMhS5NwkOvx","Positive Force Feedback Control of Muscles","strict","HQZX9CP7","10.1152/jn.1997.77.6.3226",""
"recjEWZKD03OC2BYS","Modeling the Organization of Spinal Cord Neural Circuits Controlling Two-Joint Muscles","strict","DW9PZKVQ","10.1007/978-1-4939-3267-2_5",""
"recjGEKoVDZG9Kgya","On the nature of the fundamental activity of the nervous centres; together with an analysis of the conditioning of rhythmic activity in progression, and a theory of the evolution of function in the nervous system","strict","PTX7TDWE","",""
"reck6j3QVhgQs7e0Y","Organizing network action for locomotion: Insights from studying insect walking.","loose","PPELXJSW","10.1016/j.brainresrev.2007.06.028",""
"reckLrNcdlGJMJMah","Behaviour-based modelling of hexapod locomotion: linking biology and technical application","strict","SDYPF2ZR","10.1016/j.asd.2004.05.004",""
"recl89IqMlxodlhXN","Decoding the organization of spinal circuits that control locomotion","strict","76XDTN7S","10.1038/nrn.2016.9",""
"recllI1WnoBxxvkJM","Vestibulospinal, reticulospinal and descending propriospinal nerve fibres in man","strict","S3SVWANY","10.1093/brain/119.6.1809",""
"reclwbsReGhWM71WF","Bio-inspired controller achieving forward speed modulation with a 3D bipedal walkde","adjudicated","BGU8UZJE","10.1177/0278364917743320",""
"recnpdF09e2pD0tFz","Neuronal activity in the isolated mouse spinal cord during spontaneous deletions in fictive locomotion: insights into locomotor central pattern generator organization","strict","KU9CUS6K","10.1113/jphysiol.2012.240895",""
"recoT9VR7NIatzV00","Left–right coordination from simple to extreme conditions during split-belt locomotion in the chronic spinal adult cat","loose","P4F5XGN5","10.1113/JP272740",""
"recpFKCRcK44Hbkyg","Modulation of phase durations, phase variations, and temporal coordination of the four limbs during quadrupedal split-belt locomotion in intact adult cats","strict","L58D9JJS","10.1152/jn.00160.2014",""
"recpozMUyMMicDWNu","Contribution of Sensory Feedback to the Generation of Extensor Activity During Walking in the Decerebrate Cat","strict","IQJ3CPKF","10.1152/jn.1999.81.2.758",""
"recpyybF425zhdpCj","The special nature of human walking and its neural control","strict","YCPEHH97","10.1016/S0166-2236(02)02173-2",""
"recrOx4g9ML2vRiDP","Proprioceptive input resets central locomotor rhythm in the spinal cat.","strict","3ZWHC2N7","10.1007/bf00249807",""
"recsh566GLiIFvkYW","Kinesthetic Senses","strict","244HN35M","10.1002/cphy.c170036",""
"rectZLWJhnmJpn1le","Spinal Cord Pattern Generator for Locomotion","none","","",""
"recuEbIzcBfrBmkmf","Spinal circuitry of sensorimotor control of locomotion","strict","EZEA4VMY","10.1111/j.1469-7793.2001.0041b.x",""
"recvgd8hFtfCEnVBO","The comparative investigation of the stick insect and cockroach models in the study of insect locomotion","strict","J7VNHZDM","10.1016/j.cois.2015.07.004",""
"recw2TJ1IDuY3yEVz","Modular organization of motor behavior in the frog's spinal cord","strict","RYKRVXEQ","10.1016/0166-2236(95)94494-p",""
"recwQQSBHPlE6SmUk","Motoneuronal and muscle synergies involved in cat hindlimb control during fictive and real locomotion: a comparison study","strict","SHUH36FQ","10.1152/jn.00865.2011",""
"recxGoi3bAS1glsgD","Relative Contribution of Vestibular Sensory System to Locomotion: Opportunities for Discovery in the Age of Molecular Science","adjudicated","JA7MEXI6","10.3390/ijms22031467",""
"recy0oLAVRRLclNXl","Modelling spinal circuitry involved in locomotor pattern generation: insights from deletions during fictive locomotion","strict","352UDMZ7","10.1113/jphysiol.2006.118703",""
"recyFbFcjkWSlqlMU","From Swimming to Walking with a Salamander Robot Driven by a Spinal Cord Model","loose","WNZGBKM2","",""
"recyRnIe8WN35qmqC","Effects of stimulation of hindlimb flexor group II afferents during fictive locomotion in the cat","loose","QH2ZHL9K","",""
