"parentKey","title","DOI","attKey","filename","linkMode"
"U47I2QZM","The neuromechanical tuning hypothesis","10.1016/S0079-6123(06)65016-4","375JYEPB","Prochazka and Yakovenko - 2007 - The neuromechanical tuning hypothesis.pdf","imported_url"
"KGTN2CXP","Locomotor activity in spinal cord-injured persons","10.1152/japplphysiol.00942.2003","WL5PV4ZW","Dietz and Harkema - 2004 - Locomotor activity in spinal cord-injured persons.pdf","imported_url"
"D6SZGC6D","Kinesthetic Senses","10.1002/cphy.c170036","8ZXJ7A74","Proske and Gandevia - 2018 - Kinesthetic Senses.pdf","imported_url"
"RGPAV78H","Brainstem Circuits for Locomotion","10.1146/annurev-neuro-082321-025137","KUYRMXC7","Leiras et al. - 2022 - Brainstem Circuits for Locomotion.pdf","imported_url"
"PHER5PA6","A biologically based neural system coordinates the joints and legs of a tetrapod","10.1088/1748-3190/10/5/055004","MLD55F9G","Hunt et al. - 2015 - A biologically based neural system coordinates the.pdf","imported_file"
"A924UV2P","AnimatLab: A 3D graphics environment for neuromechanical simulations","10.1016/j.jneumeth.2010.01.005","PEIW67K9","S0165027010000087.html","imported_url"
"A924UV2P","AnimatLab: A 3D graphics environment for neuromechanical simulations","10.1016/j.jneumeth.2010.01.005","CJY2QX2E","Cofer et al. - 2010 - AnimatLab A 3D graphics environment for neuromech.pdf","imported_file"
"ECAXY6SG","Proprioceptive modulation of hip flexor activity during the swing phase of locomotion in decerebrate cats.","10.1152/jn.2001.86.3.1321","8SQFYAE4","Tania Lam et al. - 2001 - Proprioceptive modulation of hip flexor activity d.pdf","imported_url"
"FVXGFLYC","Load-regulating mechanisms in gait and posture: comparative aspects.","10.1152/physrev.2000.80.1.83","BH794RAT","Jaak Duysens et al. - 2000 - Load-regulating mechanisms in gait and posture co.pdf","imported_url"
"3MJ2HBKM","On the organization of the locomotor CPG: insights from split-belt locomotion and mathematical modeling","10.1101/2020.07.17.205351","54QAT6SJ","Elizaveta M. Latash et al. - 2020 - On the organization of the locomotor CPG insights.pdf","imported_url"
"QIIZ42FT","Contribution of Sensory Feedback to the Generation of Extensor Activity During Walking in the Decerebrate Cat","10.1152/jn.1999.81.2.758","335ASIQC","Gordon W. Hiebert et al. - 1999 - Contribution of Sensory Feedback to the Generation.pdf","imported_url"
"U47I2QZM","The neuromechanical tuning hypothesis","10.1016/S0079-6123(06)65016-4","BTFMEE4C","S0079612306650164.html","imported_url"
"D3GX3WKK","Spinal control of muscle synergies for adult mammalian locomotion","10.1113/JP277018","BS7KMKUT","Desrochers et al. - 2019 - Spinal control of muscle synergies for adult mamma.pdf","imported_url"
"9BWZR29E","Ankle extensor group I afferents excite extensors throughout the hindlimb during fictive locomotion in the cat.","10.1113/jphysiol.1995.sp020871","B47IFWSR","Guertin et al. - 1995 - Ankle extensor group I afferents excite extensors .pdf","imported_url"
"43BU34HI","Proprioception and locomotor disorders","10.1038/nrn939","AYCRXWCZ","Dietz - 2002 - Proprioception and locomotor disorders.pdf","imported_url"
"DU5QNK4J","Modeling the spinal cord neural circuitry controlling cat hindlimb movement during locomotion","10.1016/S0925-2312(02)00832-9","9TXI3559","Ivashko et al. - 2003 - Modeling the spinal cord neural circuitry controll.pdf","imported_file"
"VC4P6AZ3","Effects of stimulation of hindlimb flexor group II afferents during fictive locomotion in the cat.","","9ILHZSEH","Perreault et al. - 1995 - Effects of stimulation of hindlimb flexor group II.pdf","imported_url"
"LSZGGFGJ","Human lumbar cord circuitries can be activated by extrinsic tonic input to generate locomotor-like activity","10.1016/j.humov.2007.01.005","77ECD56X","Minassian et al. - 2007 - Human lumbar cord circuitries can be activated by .pdf","imported_file"
"BJ2N3U2I","Neuronal activity in the isolated mouse spinal cord during spontaneous deletions in fictive locomotion: insights into locomotor central pattern generator organization","10.1113/jphysiol.2012.240895","6C5MCSE3","Zhong et al. - 2012 - Neuronal activity in the isolated mouse spinal cor.pdf","imported_url"
"BUHUYBFR","Strategies for delineating spinal locomotor rhythm-generating networks and the possible role of Hb9 interneurones in rhythmogenesis","10.1016/j.brainresrev.2007.06.025","67FB3F8H","Brownstone and Wilson - 2008 - Strategies for delineating spinal locomotor rhythm.pdf","imported_url"
"92EUXMBP","The special nature of human walking and its neural control","10.1016/S0166-2236(02)02173-2","5WQECYK8","Capaday - 2002 - The special nature of human walking and its neural.pdf","imported_file"
"ZYYSS7P5","Synaptic control of hindlimb motoneurones during three forms of the fictive scratch reflex in the turtle.","10.1113/jphysiol.1988.sp017281","5K5K3HZ4","Robertson and Stein - 1988 - Synaptic control of hindlimb motoneurones during t.pdf","imported_url"
"U646MXD8","Neuromechanical Principles Underlying Movement Modularity and Their Implications for Rehabilitation","10.1016/j.neuron.2015.02.042","4IMRP8RY","Ting et al. - 2015 - Neuromechanical Principles Underlying Movement Mod.pdf","imported_url"
"FHRRC8YZ","Ipsilateral and Contralateral Interactions in Spinal Locomotor Circuits Mediated by V1 Neurons: Insights from Computational Modeling","10.3390/ijms23105541","42AZ6JWR","Shevtsova et al. - 2022 - Ipsilateral and Contralateral Interactions in Spin.pdf","imported_url"
"GKYP7G6R","The construction of movement by the spinal cord","10.1038/5721","2X6M6BWN","Tresch et al. - 1999 - The construction of movement by the spinal cord.pdf","imported_url"
"CAG5YMY6","Insect Walking and Biorobotics: A Relationship with Mutual Benefits","10.1641/0006-3568(2000)050[0023:IWABAR]2.3.CO;2","2PLZW3ME","Ritzmann et al. - 2000 - Insect Walking and Biorobotics A Relationship wit.pdf","imported_url"
"5EASBQZ5","Intra-muscle Synergies Stabilizing Reflex-mediated Force Changes","10.1016/j.neuroscience.2022.10.009","U7GSDQAP","S0306452222005176.html","imported_url"
"38XBMS29","Speed dependency in ╬▒-motoneuron activity and locomotor modules in human locomotion: Indirect evidence for phylogenetically conserved spinal circuits","10.1098/rspb.2017.0290","LABCVLAT","Yokoyama et al. - 2017 - Speed dependency in α-motoneuron activity and loco.pdf","imported_url"
"734BGJT4","Resonance tuning in a neuro-musculo-skeletal model of the forearm","10.1007/s00422-006-0112-6","QW78WHYQ","Verdaasdonk et al. - 2007 - Resonance tuning in a neuro-musculo-skeletal model.pdf","imported_file"
"K88MTURC","A neuromechanical simulation of insect walking and transition to turning of the cockroach Blaberus discoidalis","10.1007/s00422-013-0573-3","UQ4QILFU","Szczecinski et al. - 2013 - A neuromechanical simulation of insect walking and.pdf","imported_file"
"AA3XMLMD","Organization of left-right coordination of neuronal activity in the mammalian spinal cord: Insights from computational modelling","10.1113/JP270121","M5BGFCKI","Shevtsova et al. - 2015 - Organization of left-right coordination of neurona.pdf","imported_url"
"MJ342HLM","Organization of flexorΓÇôextensor interactions in the mammalian spinal cord: insights from computational modelling","10.1113/JP272437","SWWWMXZX","Shevtsova and Rybak - 2016 - Organization of flexor–extensor interactions in th.pdf","imported_url"
"JX2MIXNT","Decentralized control of insect walking: A simple neural network explains a wide range of behavioral and neurophysiological results","10.1371/journal.pcbi.1007804","ZE3N83ER","Schilling and Cruse - 2020 - Decentralized control of insect walking A simple .pdf","imported_url"
"9XQDPXXQ","Modelling spinal circuitry involved in locomotor pattern generation: insights from the effects of afferent stimulation","10.1113/jphysiol.2006.118711","WI882JGD","Rybak et al. - 2006 - Modelling spinal circuitry involved in locomotor p.pdf","imported_url"
"9XQDPXXQ","Modelling spinal circuitry involved in locomotor pattern generation: insights from the effects of afferent stimulation","10.1113/jphysiol.2006.118711","GJ3HAXJF","jphysiol.2006.html","imported_url"
"MJ342HLM","Organization of flexorΓÇôextensor interactions in the mammalian spinal cord: insights from computational modelling","10.1113/JP272437","SLFN6A5Q","JP272437.html","imported_url"
"ZYYSS7P5","Synaptic control of hindlimb motoneurones during three forms of the fictive scratch reflex in the turtle.","10.1113/jphysiol.1988.sp017281","YIFUVBYA","jphysiol.1988.html","imported_url"
"PEFTU9LY","Neuromechanical Modeling of Posture and Locomotion","","TV55NQ3H","(Springer Series in Computational Neuroscience) Boris I. Prilutsky, Donald H. Edwards (eds.) - Neuromechanical Modeling of Posture and Locomotion-Springer-Verlag New York (2016).pdf","imported_file"
"PEFTU9LY","Neuromechanical Modeling of Posture and Locomotion","","SUKLMDQA","Prilutsky and Edwards - 2015 - Neuromechanical Modeling of Posture and Locomotion.pdf","imported_file"
"BAHCUDUI","Sophisticated spinal contributions to motor control","10.1016/S0166-2236(03)00073-0","P3XNALGF","Poppele and Bosco - 2003 - Sophisticated spinal contributions to motor contro.pdf","imported_url"
"P6FDCTMB","Assessing sensory function in locomotor systems using neuro-mechanical simulations","10.1016/j.tins.2006.08.007","DAUA9SUU","Pearson et al. - 2006 - Assessing sensory function in locomotor systems us.pdf","imported_file"
"WKYKY94C","Vestibulospinal, reticulospinal and descending propriospinal nerve fibres in man","10.1093/brain/119.6.1809","TLV6TLFP","Nathan et al. - 1996 - Vestibulospinal, reticulospinal and descending pro.pdf","imported_url"
"LSZGGFGJ","Human lumbar cord circuitries can be activated by extrinsic tonic input to generate locomotor-like activity","10.1016/j.humov.2007.01.005","U5K3DWWV","bwmeta1.element.html","imported_url"
"6AU37D5R","Modeling the mammalian locomotor CPG: insights from mistakes and perturbations","10.1016/S0079-6123(06)65015-2","Q8XIMGEW","McCrea and Rybak - 2007 - Modeling the mammalian locomotor CPG insights fro.pdf","imported_url"
"HGW43UUJ","Motoneuronal and muscle synergies involved in cat hindlimb control during fictive and real locomotion: a comparison study","10.1152/jn.00865.2011","QQRSDE6T","Markin et al. - 2012 - Motoneuronal and muscle synergies involved in cat .pdf","imported_url"
"2H93W4LP","Simulations of neuromuscular control in lamprey swimming","10.1098/rstb.1999.0441","KNU9FQQW","Leeuwen et al. - 1999 - Simulations of neuromuscular control in lamprey sw.pdf","imported_url"
"ILMSDI8W","Spinal circuitry of sensorimotor control of locomotion","10.1111/j.1469-7793.2001.0041b.x","JVLDLMIJ","McCrea - 2001 - Spinal circuitry of sensorimotor control of locomo.pdf","imported_url"
"ILMSDI8W","Spinal circuitry of sensorimotor control of locomotion","10.1111/j.1469-7793.2001.0041b.x","DPB4ES65","j.1469-7793.2001.0041b.html","imported_url"
"B3KZVEBX","Diversified physiological sensory input connectivity questions the existence of distinct classes of spinal interneurons","10.1016/j.isci.2022.104083","GVRN8FCJ","Kohler et al. - 2022 - Diversified physiological sensory input connectivi.pdf","imported_url"
"A5LE7SU5","Decoding the organization of spinal circuits that control locomotion","10.1038/nrn.2016.9","MVLV3HXU","Kiehn - 2016 - Decoding the organization of spinal circuits that .pdf","imported_url"
"6Q4TJ7P3","Development and functional organization of spinal locomotor circuits","10.1016/j.conb.2010.09.004","T9DUCKP5","Kiehn - 2011 - Development and functional organization of spinal .pdf","imported_url"
"SSWM7YHF","A Simple Experimentally Based Model Using Proprioceptive Regulation of Motor Primitives Captures Adjusted Trajectory Formation in Spinal Frogs","10.1152/jn.01054.2007","H6GNDLVQ","Kargo et al. - 2010 - A Simple Experimentally Based Model Using Proprioc.pdf","imported_url"
"DU5QNK4J","Modeling the spinal cord neural circuitry controlling cat hindlimb movement during locomotion","10.1016/S0925-2312(02)00832-9","GR3FQH8Z","S0925231202008329.html","imported_url"
"F7JPQ74U","Five basic muscle activation patterns account for muscle activity during human locomotion: Basic muscle activation patterns","10.1113/jphysiol.2003.057174","UHSK4WMI","Ivanenko et al. - 2004 - Five basic muscle activation patterns account for .pdf","imported_url"
"WSFS4K9E","Intralimb and Interlimb Cutaneous Reflexes during Locomotion in the Intact Cat","10.1523/JNEUROSCI.3288-17.2018","TUYX2SAM","Hurteau et al. - 2018 - Intralimb and Interlimb Cutaneous Reflexes during .pdf","imported_url"
"J7XB4P2H","Nonlinear Modulation of Cutaneous Reflexes with Increasing Speed of Locomotion in Spinal Cats","10.1523/JNEUROSCI.3042-16.2017","KSW6BI7I","Hurteau et al. - 2017 - Nonlinear Modulation of Cutaneous Reflexes with In.pdf","imported_url"
"FHJG63EN","On the central generation of locomotion in the low spinal cat","10.1007/BF00235671","T7Q7PUN7","Grillner and Zangger - 1979 - On the central generation of locomotion in the low.pdf","imported_file"
"ZM4HZBV2","Modulation of forelimb and hindlimb muscle activity during quadrupedal tied-belt and split-belt locomotion in intact cats","10.1016/j.neuroscience.2014.12.084","QY6WWJGF","Frigon et al. - 2015 - Modulation of forelimb and hindlimb muscle activit.pdf","imported_file"
"9BWZR29E","Ankle extensor group I afferents excite extensors throughout the hindlimb during fictive locomotion in the cat.","10.1113/jphysiol.1995.sp020871","L34SIJD7","jphysiol.1995.html","imported_url"
"2K8ELXCU","Control of Mammalian Locomotion by Somatosensory Feedback","10.1002/cphy.c210020","FTVHH4JW","Frigon et al. - 2021 - Control of Mammalian Locomotion by Somatosensory F.pdf","imported_url"
"745GNY85","Leg Coordination Mechanisms in the Stick Insect Applied to Hexapod Robot Locomotion","10.1177/105971239300100404","MWYF6YG2","Espenschied et al. - 1993 - Leg Coordination Mechanisms in the Stick Insect Ap.pdf","imported_url"
"2K8ELXCU","Control of Mammalian Locomotion by Somatosensory Feedback","10.1002/cphy.c210020","CU3EKXTT","cphy.html","imported_url"
"GR7TQ57P","Activity of interneurons mediating reciprocal 1a inhibition during locomotion","10.1016/0006-8993(75)90974-9","FDZI7S2L","Feldman and Orlovsky - 1975 - Activity of interneurons mediating reciprocal 1a i.pdf","imported_file"
"GR7TQ57P","Activity of interneurons mediating reciprocal 1a inhibition during locomotion","10.1016/0006-8993(75)90974-9","JXLAFT85","0006899375909749.html","imported_url"
"VWCIHZ4G","Behaviour-based modelling of hexapod locomotion: linking biology and technical application","10.1016/j.asd.2004.05.004","NFBB5UXX","Dürr et al. - 2004 - Behaviour-based modelling of hexapod locomotion l.pdf","imported_file"
"VWCIHZ4G","Behaviour-based modelling of hexapod locomotion: linking biology and technical application","10.1016/j.asd.2004.05.004","JTVFUS7G","S1467803904000301.html","imported_url"
"BH7M94J4","Control of oscillation periods and phase durations in half-center central pattern generators: a comparative mechanistic analysis","10.1007/s10827-008-0124-4","ZLQRFDU9","Daun et al. - 2009 - Control of oscillation periods and phase durations.pdf","imported_url"
"F3VSY427","The spinal control of locomotion and step-to-step variability in left-right symmetry from slow to moderate speeds","10.1152/jn.00419.2015","PB2XPB8J","Dambreville et al. - 2015 - The spinal control of locomotion and step-to-step .pdf","imported_url"
"CQQVJSID","Modulation of phase durations, phase variations, and temporal coordination of the four limbs during quadrupedal split-belt locomotion in intact adult cats","10.1152/jn.00160.2014","QS3M6ED8","D'Angelo et al. - 2014 - Modulation of phase durations, phase variations, a.pdf","imported_url"
"Z87P34U5","What mechanisms coordinate leg movement in walking arthropods?","10.1016/0166-2236(90)90057-H","JXUNDFTC","Cruse - 1990 - What mechanisms coordinate leg movement in walking.pdf","imported_url"
"BUHUYBFR","Strategies for delineating spinal locomotor rhythm-generating networks and the possible role of Hb9 interneurones in rhythmogenesis","10.1016/j.brainresrev.2007.06.025","IL3XZ9VH","S0165017307001403.html","imported_url"
"RGI8VAM4","Modular organization of motor behavior in the frog's spinal cord","10.1016/0166-2236(95)94494-p","FIC7P8JE","Bizzi et al. - 1995 - Modular organization of motor behavior in the frog.pdf","imported_file"
"VHZN5UKT","From swimming to walking with a salamander robot driven by a spinal cord model.","","5X9K4AMC","Ijspeert et al. - 2007 - From swimming to walking with a salamander robot d.pdf","imported_file"
"9DPF552F","A model of scale effects in mammalian quadrupedal running","","2ENFWX6S","959.html","imported_url"
"CTCSZCPC","Human spinal locomotor control is based on flexibly organized burst generators","10.1093/brain/awu372","INHB6NCV","Danner et al. - 2015 - Human spinal locomotor control is based on flexibl.pdf","imported_url"
"TW9H9HAG","Decoding the mechanisms of gait generation in salamanders by combining neurobiology, modeling and robotics","10.1007/s00422-012-0543-1","PXZE7RD3","Bicanski et al. - 2013 - Decoding the mechanisms of gait generation in sala.pdf","imported_url"
"HC3THIP7","Left-right coordination from simple to extreme conditions during split-belt locomotion in the chronic spinal adult cat","10.1113/JP272740","KDZNSWM8","Frigon et al. - 2016 - Left-right coordination from simple to extreme con.pdf","imported_url"
"7M7SRMUQ","Rhythmic Patterns in the Thoracic Nerve Cord of the Stick Insect Induced by Pilocarpine","10.1242/jeb.198.2.435","PR2WZ6U8","Büschges et al. - 1995 - Rhythmic Patterns in the Thoracic Nerve Cord of th.pdf","imported_url"
"54A9CJHM","On the nature of the fundamental activity of the nervous centres; together with an analysis of the conditioning of rhythmic activity in progression, and a theory of the evolution of function in the nervous system","","GWXJECRV","Brown - 1914 - On the nature of the fundamental activity of the n.pdf","imported_url"
"SQ3KDZSV","Current Principles of Motor Control, with Special Reference to Vertebrate Locomotion","10.1152/physrev.00015.2019","U7HCJPUJ","Grillner and El Manira - 2020 - Current Principles of Motor Control, with Special .pdf","imported_url"
"8QM6JLF7","On the Organization of the Locomotor CPG: Insights From Split-Belt Locomotion and Mathematical Modeling","10.3389/fnins.2020.598888","Z5738IAI","Latash 2020 - On the organization of the locomotor cpg.pdf","imported_url"
"VHZN5UKT","From swimming to walking with a salamander robot driven by a spinal cord model.","","NWE67JKW","Ijspeert et al. - 2007 - From swimming to walking with a salamander robot driven by a spinal cord model.pdf","imported_file"
"9DPF552F","A model of scale effects in mammalian quadrupedal running","","HIKBUREE","Herr et al. - 2002 - A model of scale effects in mammalian quadrupedal .pdf","imported_url"
"GI7LBLNV","Computational modeling of spinal circuits controlling limb coordination and gaits in quadrupeds","10.7554/eLife.31050","PL28WUQY","Danner et al. - 2017 - Computational modeling of spinal circuits controll.pdf","imported_url"
"GI7LBLNV","Computational modeling of spinal circuits controlling limb coordination and gaits in quadrupeds","10.7554/eLife.31050","QI324VM7","Danner et al. - 2017 - Computational modeling of spinal circuits controll.pdf","imported_url"
"KF7FDS4P","Bio-inspired controller achieving forward speed modulation with a 3D bipedal walker","10.1177/0278364917743320","TEFY49XF","Van der Noot et al. - 2018 - Bio-inspired controller achieving forward speed mo.pdf","imported_url"
"L3L5VNCB","Neuromechanical Model of Rat Hind Limb Walking with Two-Layer CPGs","","WANVULU5","Deng et al. - 2019 - Neuromechanical Model of Rat Hind Limb Walking wit.pdf","imported_file"
"GI7LBLNV","Computational modeling of spinal circuits controlling limb coordination and gaits in quadrupeds","10.7554/eLife.31050","NRIQ7IGD","31050.html","imported_url"
"VVKDV22G","New Moves in Motor Control","10.1016/j.cub.2011.05.029","B8SWU3U8","S0960982211005562.html","imported_url"
"NEIRYH62","Positive Force Feedback Control of Muscles","10.1152/jn.1997.77.6.3226","8ZSZGVDA","Prochazka et al. - 1997 - Positive Force Feedback Control of Muscles.pdf","imported_file"
"C9MSANVZ","Mechanosensation and Adaptive Motor Control in Insects","10.1016/j.cub.2016.06.070","8H2YEKL9","S0960982216307448.html","imported_url"
"MA5R8WXG","Spinal cord pattern generators for locomotion","10.1016/S1388-2457(03)00120-2","6BQDC6UJ","Dietz - 2003 - Spinal cord pattern generators for locomotion.pdf","imported_file"
"GDK7H3J3","Role of sensory feedback in the control of stance duration in walking cats.","10.1016/j.brainresrev.2007.06.014","5SDPNAZ9","Pearson - 2008 - Role of sensory feedback in the control of stance duration in walking cats.pdf","imported_file"
"C9MSANVZ","Mechanosensation and Adaptive Motor Control in Insects","10.1016/j.cub.2016.06.070","59VIBRFB","Tuthill and Wilson - 2016 - Mechanosensation and Adaptive Motor Control in Ins.pdf","imported_url"
"VVKDV22G","New Moves in Motor Control","10.1016/j.cub.2011.05.029","GEHSYH2M","Büschges et al. - 2011 - New Moves in Motor Control.pdf","imported_url"
"22YQT8RD","Sensory feedback in cockroach locomotion: current knowledge and open questions","10.1007/s00359-014-0968-1","QZVRE5CA","Ayali et al. - 2015 - Sensory feedback in cockroach locomotion current .pdf","imported_url"
"82UYY6EI","The comparative investigation of the stick insect and cockroach models in the study of insect locomotion","10.1016/j.cois.2015.07.004","P9WLEWEQ","Ayali et al. - 2015 - The comparative investigation of the stick insect .pdf","imported_file"
"82UYY6EI","The comparative investigation of the stick insect and cockroach models in the study of insect locomotion","10.1016/j.cois.2015.07.004","ZBQGZEU8","S2214574515001194.html","imported_url"
"YJ8X9HU8","Modular organization of murine locomotor pattern in the presence and absence of sensory feedback from muscle spindles","10.1113/jp277515","XSKDPDIL","Santuz et al. - 2019 - Modular organization of murine locomotor pattern i.pdf","imported_url"
"KJLW477J","Distributed force feedback in the spinal cord and the regulation of limb mechanics","10.1152/jn.00216.2017","GHMLX4QU","Nichols - 2018 - Distributed force feedback in the spinal cord and .pdf","imported_file"
"C4TQ6ZMK","A role for hip position in initiating the swing-to-stance transition in walking cats.","10.1152/jn.00511.2005","NVC5LAQR","McVea et al. - 2005 - A role for hip position in initiating the swing-to-stance transition in walking cats.pdf","imported_file"
"MA5R8WXG","Spinal cord pattern generators for locomotion","10.1016/S1388-2457(03)00120-2","SKXWGR7C","Dietz - 2003 - Spinal cord pattern generators for locomotion.pdf","imported_file"
"MA5R8WXG","Spinal cord pattern generators for locomotion","10.1016/S1388-2457(03)00120-2","F2WJK8CU","Dietz - 2003 - Spinal cord pattern generators for locomotion.pdf","imported_file"
"MA5R8WXG","Spinal cord pattern generators for locomotion","10.1016/S1388-2457(03)00120-2","RJMIZGIA","Dietz - 2003 - Spinal cord pattern generators for locomotion.pdf","imported_file"
"MA5R8WXG","Spinal cord pattern generators for locomotion","10.1016/S1388-2457(03)00120-2","UWSHUEWC","Dietz - 2003 - Spinal cord pattern generators for locomotion.pdf","imported_file"
"MA5R8WXG","Spinal cord pattern generators for locomotion","10.1016/S1388-2457(03)00120-2","PBKLJHVC","Dietz - 2003 - Spinal cord pattern generators for locomotion.pdf","imported_file"
"NEIRYH62","Positive Force Feedback Control of Muscles","10.1152/jn.1997.77.6.3226","QJTQVEJR","Prochazka, Gillard, Bennett - 1997 - Positive force feedback control of muscles.pdf","imported_file"
