"key","type","title","DOI","date","pub"
"EZAB553H","journalArticle","Organization of common synaptic drive to motoneurones during fictive locomotion in the spinal cat","10.1113/jphysiol.2005.091744","2005-11-01","The Journal of Physiology"
"SLWW76U4","journalArticle","Motor cortical regulation of sparse synergies provides a framework for the flexible control of precision walking","10.3389/fncom.2013.00083","2013-07-11","Frontiers in Computational Neuroscience"
"VIP3GQJV","journalArticle","Split-belt walking alters the relationship between locomotor phases and cycle duration across speeds in intact and chronic spinalized adult cats.","10.1523/jneurosci.3931-12.2013","2013-05-08","The Journal of Neuroscience"
"SSLMSMBY","journalArticle","Central control of interlimb coordination and speed-dependent gait expression in quadrupeds.","10.1113/jp272787","2016-12-01","The Journal of Physiology"
"B4P3IYSY","journalArticle","The role of cutaneous afferents from the distal hindlimb in the regulation of the step cycle of thalamic cats","10.1007/bf00235013","1976-01-26","Experimental Brain Research"
"7WF6KLGD","journalArticle","Predictive and reactive tuning of the locomotor CPG","10.1093/icb/icm065","2007-10-01","Integrative and Comparative Biology"
"L6NSMHC7","journalArticle","Spinal Interneurons: Diversity and Connectivity in Motor Control","10.1146/annurev-neuro-083122-025325","2023-07-10",
"LT3PEKVL","journalArticle","Primacy of Flexor Locomotor Pattern Revealed by Ancestral Reversion of Motor Neuron Identity","10.1016/j.cell.2015.06.036","2015-07-16","Cell"
"SG9IX7YE","journalArticle","Role of muscle spindle feedback in regulating muscle activity strength during walking at different speed in mice.","10.1152/jn.00250.2018","2018-11-01","Journal of Neurophysiology"
"J8YGN2AK","journalArticle","Identified interneurons contributing to locomotion in mammals","10.1016/b978-0-12-819260-3.00009-3","2023-01-01","Elsevier eBooks"
"S8U62GQC","journalArticle","Interlimb coordination during fictive locomotion in the thalamic cat.","10.1007/bf00228795","1990-01-01","Experimental Brain Research"
"KPZNAIXG","journalArticle","Sensory Influences on Interlimb Coordination During Gait","10.1007/978-1-4419-9056-3_1","2004-01-01",
"DRACVJLN","journalArticle","Connectivity and Regional Distribution of Constituent Cells of the Mammalian Locomotor Central Pattern Generator","10.7939/r3639kg5w","2016-01-01",
"HJKAP6HX","journalArticle","Quantifying proprioception","","1999","Progress in Brain Research"
"NZQ7JZAW","journalArticle","Neonatal Rat Spinal Cord Bulbospinal Activation of Locomotion in the In Vitro Contribution of Commissural Projections to","","2015-01-01",
"UBQD3A3F","journalArticle","Biomechanical and Sensory Feedback Regularize the Behavior of Different Locomotor Central Pattern Generators","10.3390/biomimetics7040226","2022-12-04",
"QDN8VDSK","journalArticle","catsof ankle extensor muscle activity in walking","","2015-01-01",
"7B7E6A5I","journalArticle","The Circuitry of the Human Spinal Cord: Its Role in Motor Control and Movement Disorders","","2005-09-19",
"UKJXVFTT","journalArticle","Amplitude modulation of the soleus H-reflex in the human during walking and standing","10.1523/jneurosci.06-05-01308.1986","1986-05-01","The Journal of Neuroscience"
"G6ZM8NXY","journalArticle","Segmental patterns of vestibular-mediated synaptic inputs to axial and limb motoneurons in the neonatal mouse assessed by optical recording","10.1113/jphysiol.2010.195644","2010-12-15","The Journal of Physiology"
"C6252AEY","attachment","Horcholle-Bossavit - Encoding of muscle contractile tension by golgi tendon organs.pdf","","",
"6XIG2NLN","journalArticle","The Effect of DOPA on the Spinal Cord 5. Reciprocal organization of pathways transmitting excitatory action to alpha motoneurones of flexors and extensors","10.1111/j.1748-1716.1967.tb03636.x","1967-07-01","Acta Physiologica Scandinavica"
"B3M335FJ","journalArticle","Motoneurons have different membrane resistance during fictive scratching and weight support.","10.1523/jneurosci.22-18-08259.2002","2002-09-15","The Journal of Neuroscience"
"3SB4QSIF","journalArticle","A Spinal Mechanism Related to LeftΓÇôRight Symmetry Reduces Cutaneous Reflex Modulation Independently of Speed During Split-Belt Locomotion","10.1523/jneurosci.1082-18.2018","2018-11-28","The Journal of Neuroscience"
"8W7UKZPJ","journalArticle","Integrative pattern of Ia synaptic actions on motoneurones of hip and knee muscles.","10.1113/jphysiol.1958.sp006101","1958-12-04","The Journal of Physiology"
"CBWBJ5BV","journalArticle","A sensory signal related to left-right symmetry modulates intra- and interlimb cutaneous reflexes during locomotion in intact cats","10.3389/fnsys.2023.1199079","2023-06-09",
"KVUZC7GU","journalArticle","LOCOMOTOR CIRCUITS IN THE MAMMALIAN SPINAL CORD","10.1146/annurev.neuro.29.051605.112910","2006-06-15","Annual Review of Neuroscience"
"5IJUW683","journalArticle","Spinal interneurons providing input to the final common path during locomotion","10.1016/b978-0-444-53613-6.00006-x","2010-01-01","Progress in Brain Research"
"ZBI5R8X9","journalArticle","How Do We Approach the Locomotor Network in the Mammalian Spinal Cord?a","10.1111/j.1749-6632.1998.tb09039.x","1998-11-01","Annals of the New York Academy of Sciences"
"HR9H9J8Z","journalArticle","Parallel reflex pathways from flexor muscle afferents evoking resetting and flexion enhancement during fictive locomotion and scratch in the cat.","10.1113/jphysiol.2005.095505","2005-11-01","The Journal of Physiology"
"8W9ZHS8D","journalArticle","Neuromechanics: an integrative approach for understanding motor control.","10.1093/icb/icm024","2007-07-01","Integrative and Comparative Biology"
"WDQ262NK","journalArticle","The role of the motor cortex in the control of accuracy of locomotor movements in the cat.","10.1113/jphysiol.1993.sp019498","1993-02-01","The Journal of Physiology"
"MCU88JT6","journalArticle","Control of walking and running by means of electric stimulation of the midbrain","","1966-01-01","Biofizika"
"2R4PG7HC","journalArticle","The brain has a body: adaptive behavior emerges from interactions of nervous system, body and environment.","10.1016/s0166-2236(97)01149-1","1997-12-01","Trends in Neurosciences"
"LYDY4DUC","journalArticle","Neuromechanical model of praying mantis explores the role of descending commands in pre-strike pivots.","10.1088/1748-3190/10/6/065005","2015-11-18","Bioinspiration & Biomimetics"
"96WEH7YJ","journalArticle","Analytical CPG model driven by limb velocity input generates accurate temporal locomotor dynamics.","10.7287/peerj.preprints.26734v1","2018-03-19","PeerJ"
"X6I4YC75","journalArticle","A controller for continuous wave peristaltic locomotion","10.1109/iros.2011.6094954","2011-12-05",
"266BY2HT","journalArticle","Sensory-evoked perturbations of locomotor activity by sparse sensory input: a computational study","10.1152/jn.00866.2014","2015-04-01","Journal of Neurophysiology"
"WUNEZFCJ","journalArticle","Motor circuits in action: specification, connectivity, and function","10.1016/j.neuron.2012.05.011","2012-06-21","Neuron"
"IRVPFS35","journalArticle","The CPGs for Limbed Locomotion-Facts and Fiction.","10.3390/ijms22115882","2021-05-30","International Journal of Molecular Sciences"
"G358BIIV","journalArticle","Deletions of Rhythmic Motoneuron Activity During Fictive Locomotion and Scratch Provide Clues to the Organization of the Mammalian Central Pattern Generator","10.1152/jn.00216.2005","2005-08-01","Journal of Neurophysiology"
"JTN9IW98","journalArticle","Neuromechanical Model of Rat Hind Limb Walking with Two Layer CPGs and Muscle Synergies","10.1007/978-3-319-95972-6_15","2018-07-17",
"BPNNH6YJ","journalArticle","Microstimulation of the medullary reticular formation during fictive locomotion.","10.1152/jn.1994.71.1.229","1994-01-01","Journal of Neurophysiology"
"548ZDKKX","journalArticle","Control of fore- and hindlimb movements and their coordination during quadrupedal locomotion across speeds in adult spinal cats","10.1089/neu.2022.0042","2022-03-27","Journal of Neurotrauma"
"BKB8XLHW","journalArticle","The locomotion of the low spinal cat. I. Coordination within a hindlimb.","10.1111/j.1748-1716.1980.tb06533.x","1980-03-01","Acta Physiologica Scandinavica"
"DVJE3QGP","journalArticle","Diversity of reticulospinal systems in mammals","10.1016/j.cophys.2019.03.001","2019-04-01","Current Opinion in Physiology"
"49TKJ88S","journalArticle","Contribution of morphology and membrane resistance to integration of fast synaptic signals in two thalamic cell types","10.1113/jphysiol.2006.113043","2006-11-15","The Journal of Physiology"
"D9ZBLGKV","journalArticle","Integration of posture and locomotion in acute decerebrate cats and in awake, freely moving cats","10.1016/0301-0082(87)90010-4","1987-01-01","Progress in Neurobiology"
"SFAGS4TH","journalArticle","A dynamical model exploring sensory integration in the insect central complex substructures","10.1088/1748-3190/ab57b6","2020-01-13","Bioinspiration & Biomimetics"
"A6RR8R89","journalArticle","Neural networks that co-ordinate locomotion and body orientation in lamprey","10.1016/0166-2236(95)80008-p","1995-01-01","Trends in Neurosciences"
"CR77ZSJL","journalArticle","Synaptic connectivity amongst components of the locomotor central pattern generator","10.3389/fncir.2022.1076766","2022-11-24","Frontiers in Neural Circuits"
"S2ACA47F","journalArticle","Robustness, flexibility, and sensitivity in a multifunctional motor control model","10.1007/s00422-016-0704-8","2017-02-01","Biological Cybernetics"
"6J8X9RQC","journalArticle","Deconstructing the modular organization and real-time dynamics of mammalian spinal locomotor networks","10.1038/s41467-023-36587-w","2023-02-16",
"MKE6485E","journalArticle","Stepping responses to treadmill perturbations vary with severity of motor deficits in human SCI","10.1152/jn.00486.2017","2018-08-01","Journal of Neurophysiology"
"Q7VR4INI","journalArticle","Spinal Interneurons as Gatekeepers to Neuroplasticity after Injury or Disease.","10.1523/jneurosci.1654-20.2020","2021","The Journal of Neuroscience"
"7F8N78A9","journalArticle","A controller perspective on biological gait control: Reflexes and central pattern generators","10.1016/j.arcontrol.2019.04.004","2019-01-01","Annual Reviews in Control"
"CEQX3Y93","journalArticle","Cutaneous Reflexes During Human Gait: Electromyographic and Kinematic Responses to Electrical Stimulation","10.1152/jn.1997.77.6.3311","1997-06-01","Journal of Neurophysiology"
"WLGYZ4MX","journalArticle","Initiation of locomotion in lampreys.","10.1016/j.brainresrev.2007.07.016","2008-01-01","Brain Research Reviews"
"FXXKJEFZ","journalArticle","Depression of group Ia monosynaptic EPSPs in cat hindlimb motoneurones during fictive locomotion.","10.1111/j.1469-7793.2000.00639.x","2000-08-01","The Journal of Physiology"
"Y3SF4GJC","journalArticle","A neural network with central pattern generators entrained by sensory feedback controls walking of a bipedal model","10.1088/1748-3190/aa8290","October 2017","Bioinspiration & Biomimetics"
"KIG9DEKJ","journalArticle","The role of V3 neurons in speed-dependent interlimb coordination during locomotion in mice.","10.7554/elife.73424","2022-04-27","eLife"
"5BM93A93","journalArticle","Neural control of locomotion","10.1007/978-1-4757-0964-3","1976-01-01",
"LWWSHR63","journalArticle","Pontine reticulospinal projections in the neonatal mouse: Internal organization and axon trajectories.","10.1002/cne.23904","2016-04-15","The Journal of Comparative Neurology"
"ACANM79H","journalArticle","CONTROL OF LOCOMOTION IN THE DECEREBRATE CAT","10.1016/0301-0082(96)00028-7","1996-08-01","Progress in Neurobiology"
"8AUBC3V7","journalArticle","Force Sensors in Hexapod Locomotion","10.1177/0278364905055381","2005-07-01","The International Journal of Robotics Research"
"YSB9TKJX","journalArticle","The case for and against muscle synergies.","10.1016/j.conb.2009.09.002","2009-12-01","Current Opinion in Neurobiology"
"JU4WBGTJ","journalArticle","Heterogenic Feedback Between Hindlimb Extensors in the Spontaneously Locomoting Premammillary Cat","10.1152/jn.90338.2008","01/2009","Journal of Neurophysiology"
"QU973HAA","journalArticle","Functional plasticity following spinal cord lesions.","10.1016/s0079-6123(06)57016-5","2006-01-01","Progress in Brain Research"
"YJVT4HJU","journalArticle","Highly mobile robots that run and jump","","2004-05-13",
"DQLYCBH2","journalArticle","Modelling genetic reorganization in the mouse spinal cord affecting leftΓÇôright coordination during locomotion","10.1113/jphysiol.2013.261115","2013-11-15","The Journal of Physiology"
"LNCVWZ8E","journalArticle","Neural Adaptation in the Generation of Rhythmic Behavior","10.1146/annurev.physiol.62.1.723","2000-01-01","Annual Review of Physiology"
"WA46PM2Y","journalArticle","The flexion synergy, mother of all synergies and father of new models of gait","10.3389/fncom.2013.00014","2013-03-13","Frontiers in Computational Neuroscience"
"STI84977","journalArticle","Entrainment of the locomotor rhythm by group Ib afferents from ankle extensor muscles in spinal cats.","10.1007/bf00230939","1992-01-01","Experimental Brain Research"
"YSBJLGU7","journalArticle","Recovery of locomotion after chronic spinalization in the adult cat","10.1016/0006-8993(87)91442-9","1987-05-26","Brain Research"
"BI2N2VXZ","journalArticle","V1 and V2b Interneurons Secure the Alternating Flexor-Extensor Motor Activity Mice Require for Limbed Locomotion","10.1016/j.neuron.2014.02.013","2014-04-02","Neuron"
"FT6FLCCE","journalArticle","Two-Level Model of Mammalian Locomotor CPG","10.1007/978-1-4614-7320-6_49-2","2013-01-01",
"CV83DAZY","journalArticle","The convergence of monosynaptic excitatory afferents on to many different species of alpha motoneurones","10.1113/jphysiol.1957.sp005794","1957-06-18","The Journal of Physiology"
"EFRSBRUQ","journalArticle","Pattern generation for stick insect walking movements-multisensory control of a locomotor program","10.1016/s0165-0173(98)00006-x","1998-06-01","Brain Research Reviews"
"VRUAGILB","journalArticle","Supraspinal contributions to the initiation and control of locomotion in the cat.","10.1016/0301-0082(86)90021-3","1986-01-01","Progress in Neurobiology"
"28XSSMP9","journalArticle","2008 Special Issue: Central pattern generators for locomotion control in animals and robots: A review","10.1016/j.neunet.2008.03.014","2008-05-01","Neural Networks"
"UVG6PMDD","journalArticle","Stumbling corrective reaction during fictive locomotion in the cat.","10.1152/jn.00175.2005","2005-05-25","Journal of Neurophysiology"
"FDYA43W5","journalArticle","Simulation of Human Balance Control Using an Inverted Pendulum Model","10.1007/978-3-319-63537-8_15","2017-07-26",
"QKVU6KK3","journalArticle","Adaptive control for backward quadrupedal walking. III. Stumbling corrective reactions and cutaneous reflex sensitivity.","10.1152/jn.1993.70.3.1102","1993-09-01","Journal of Neurophysiology"
"YX6IC7SQ","journalArticle","Adaptive Control Responses to Behavioral Perturbation Based Upon the Insect","","2006-11-01",
"N8C5DJV6","journalArticle","Locomotor primitives in newborn babies and their development.","10.1126/science.1210617","2011-11-18","Science"
"723RUJG9","journalArticle","A Functional Subnetwork Approach to Designing Synthetic Nervous Systems That Control Legged Robot Locomotion","10.3389/fnbot.2017.00037","2017-08-09","Frontiers in Neurorobotics"
"GKEDLR7B","journalArticle","Force-sensitive afferents recruited during stance encode sensory depression in the contralateral swinging limb during locomotion.","10.1111/nyas.12055","2013-03-01","Annals of the New York Academy of Sciences"
"QRNCP58H","journalArticle","Interlimb communication during human walking: crossed responses in the gastrocnemius muscle","","2014-12-31",
"F4V9VS9X","journalArticle","A distributed neural network architecture for hexapod robot locomotion","10.1162/neco.1992.4.3.356","1992-05-01","Neural Computation"
"9K4DAP7A","journalArticle","Spinal cords: Symphonies of interneurons across species","10.3389/fncir.2023.1146449","2023-04-26",
"LYPEYIAI","journalArticle","A Synthetic Nervous System Controls a Simulated Cockroach","10.3390/app8010006","2017-12-22","Applied Sciences"
"4JE58YY8","journalArticle","Effect of stimulating the lumbar skin caudal to a complete spinal cord injury on hindlimb locomotion","10.1152/jn.00739.2014","2015-01-15","Journal of Neurophysiology"
"8QVW6ZRY","journalArticle","Adaptive hindlimb split-belt treadmill walking in rats by controlling basic muscle activation patterns via phase resetting","10.1038/s41598-018-35714-8","2018-11-26","Scientific Reports"
"D8PKQH5X","journalArticle","Using mouse genetics to study the developing spinal locomotor circuit","10.1016/b978-0-12-816477-8.00011-9","2020-01-01",
"JV5ZJCH9","journalArticle","Spinal Control of Locomotion: Individual Neurons, Their Circuits and Functions.","10.3389/fphys.2018.00784","2018-06-25","Frontiers in Physiology"
"L2RUU8KR","journalArticle","Evaluation of intracellular labeling with micron-sized particles of iron oxide (MPIOs) as a general tool for in vitro and in vivo tracking of human stem and progenitor cells.","10.3727/096368911x627598","2012-08-01","Cell Transplantation"
"XT86CDBR","journalArticle","The Implications of Force Feedback for the ╬╗ Model","10.1007/978-0-387-77064-2_36","2009-01-01","Advances in Experimental Medicine and Biology"
"4FP5J2EP","journalArticle","The role of V3 neurons in speed-dependent interlimb coordination during locomotion in mice","10.1101/2021.09.01.458603","2021-09-03","bioRxiv"
"RYXH6JSP","journalArticle","Renshaw cell activity and recurrent effects on motoneurons during fictive locomotion.","10.1152/jn.1980.44.3.475","1980-09-01","Journal of Neurophysiology"
"X24SE498","journalArticle","Dynamic simulation of insect walking.","10.1016/j.asd.2004.05.002","2004-07-01","Arthropod Structure & Development"
"BKERX7AM","journalArticle","Neuromuscular Models for Locomotion","10.1016/b978-0-12-803766-9.00008-7","2017-01-01",
"U4HBKUSE","journalArticle","Activation of the central pattern generators for locomotion by serotonin and excitatory amino acids in neonatal rat.","10.1113/jphysiol.1992.sp019296","1992-09-01","The Journal of Physiology"
"VMKUQ2IQ","journalArticle","Control of ankle extensor muscle activity in walking cats","10.1152/jn.00944.2011","2012-11-15","Journal of Neurophysiology"
"LQPY5BP2","journalArticle","Sensory Systems in the Control of Movement","10.1002/cphy.c100086","2012-10-01","Comprehensive Physiology"
"L8WLNNF3","journalArticle","Locomotor Control: From Spring-like Reactions of Muscles to Neural Prediction","10.1201/9781420038705.ch6","2001-11-13",
"6V4RWQNW","journalArticle","Analyzing the Interplay Between Local CPG Activity and Sensory Signals for Inter-leg Coordination in Drosophila","10.1007/978-3-030-24741-6_34","2019-07-09",
"I7WF27CS","journalArticle","Diversity of molecularly defined spinal interneurons engaged in mammalian locomotor pattern generation.","10.1152/jn.00322.2017","2017-12-01","Journal of Neurophysiology"
"KMATJMI4","journalArticle","Peripheral control of the cat's step cycle. II. Entrainment of the central pattern generators for locomotion by sinusoidal hip movements during ""fictive locomotion."".","10.1111/j.1748-1716.1983.tb07267.x","1983-07-01","Acta Physiologica Scandinavica"
"GGHBEBW4","journalArticle","Segmental, Synaptic Actions of Commissural Interneurons in the Mouse Spinal Cord","10.1523/jneurosci.1618-07.2007","2007-06-13","The Journal of Neuroscience"
"WJ4ZTW5P","journalArticle","Sensory Coupled Action Switching Modules Generate Robust, Adaptive Stepping in Legged Robots","","2006-09-01",
"XIJH8N3A","journalArticle","Contribution of Cutaneous Inputs From the Hindpaw to the Control of Locomotion. II. Spinal Cats","10.1152/jn.00497.2003","","Journal of Neurophysiology"
"3URZQV5H","journalArticle","Walking with perturbations: a guide for biped humans and robots","10.1088/1748-3190/aada54","2018-09-04","Bioinspiration & Biomimetics"
"8TLXCQR4","journalArticle","Control of Cat Walking and Paw-Shake by a Multifunctional Central Pattern Generator","10.1007/978-1-4939-3267-2_12","2016-01-01",
"BU4APFEI","journalArticle","Distribution of networks generating and coordinating locomotor activity in the neonatal rat spinal cord in vitro: a lesion study","10.1523/jneurosci.16-18-05777.1996","1996-09-15","The Journal of Neuroscience"
"D4S2TC4N","journalArticle","Muscle, Biomechanics, and Implications for Neural Control","10.1002/9781118873397.ch12","2017-06-23",
"D33IUJJ7","journalArticle","Central Pattern Generators of the Mammalian Spinal Cord","10.1177/1073858410396101","2012-02-01","The Neuroscientist"
"WQZXAF74","journalArticle","Tactile Sensing in Insects","","2014-01-01",
"UMSA63JS","journalArticle","Activity of medullary reticulospinal neurons during fictive locomotion.","10.1152/jn.1993.69.6.2232","1993-06-01","Journal of Neurophysiology"
"BI39RJI7","journalArticle","Leg-local neural mechanisms for searching and learning enhance robotic locomotion","10.1007/s00422-017-0726-x","2018-04-01","Biological Cybernetics"
"424NG6WU","journalArticle","Characterization of WT1-expressing interneurons and investigation of their role in locomotion","10.7939/r3-jt04-kz83","2019-01-01",
"XP2EX6D4","journalArticle","Robotics Application of a Method for Analytically Computing Infinitesimal Phase Response Curves","10.1007/978-3-030-64313-3_12","2020",
"BBF8TBC3","journalArticle","A Neural Basis for Motor Primitives in the Spinal Cord","10.1523/jneurosci.5894-08.2010","2010-01-27","The Journal of Neuroscience"
"JGVQNJ78","journalArticle","Neural control of locomotion; Part 1: The central pattern generator from cats to humans","10.1016/s0966-6362(97)00042-8","1998-03-01","Gait & Posture"
"53TGQYNX","journalArticle","Neuromusculoskeletal Modeling for the Adaptive Control of Posture During Locomotion","10.1007/978-1-4939-3267-2_8","2016-01-01",
"XFWK5ITS","journalArticle","Distribution of Heterogenic Reflexes Among the Quadriceps and Triceps Surae Muscles of the Cat Hind Limb","10.1152/jn.00833.2002","10/2003","Journal of Neurophysiology"
"VDY6Y7L5","journalArticle","A three-dimensional musculoskeletal model of the dog","10.1101/2020.07.16.205856","2020-07-16","bioRxiv"
"NEEUMPXI","journalArticle","Activity of interneurons within the L4 spinal segment of the cat during brainstem-evoked fictive locomotion","10.1007/bf00228156","1990-01-01","Experimental Brain Research"
"WV2FMHTZ","journalArticle","Identification of Minimal Neuronal Networks Involved in Flexor-Extensor Alternation in the Mammalian Spinal Cord","10.1016/j.neuron.2011.07.011","2011-09-22","Neuron"
"M4CHZYBA","journalArticle","Spinal reflexes, mechanisms and concepts: from Eccles to Lundberg and beyond.","10.1016/j.pneurobio.2006.04.001","2006-02-01","Progress in Neurobiology"
"CZSULL8Q","journalArticle","Simple robot suggests physical interlimb communication is essential for quadruped walking","10.1098/rsif.2012.0669","2013-01-06","Journal of The Royal Society Interface"
"R4XWRAFE","journalArticle","Changes in leg movements and muscle activity with speed of locomotion and mode of progression in humans","10.1111/j.1748-1716.1985.tb07612.x","1985-04-01","Acta Physiologica Scandinavica"
"EIMLN4ZY","journalArticle","In mice lacking V2a interneurons, gait depends on speed of locomotion","10.1523/jneurosci.1206-09.2009","2009-05-27","The Journal of Neuroscience"
"9KAXASMM","journalArticle","Proprioceptive regulation of locomotion.","10.1016/0959-4388(95)80107-3","1995-12-01","Current Opinion in Neurobiology"
"UKRVAS3Q","journalArticle","A three-dimensional musculoskeletal model of the dog.","10.1038/s41598-021-90058-0","2021-05-31","Scientific Reports"
"3HGNG5J2","journalArticle","Influence of Brain Stem on Axial and Hindlimb Spinal Locomotor Rhythm Generating Circuits of the Neonatal Mouse.","10.3389/fnins.2018.00053","2018-02-09","Frontiers in Neuroscience"
"TR2NKM86","journalArticle","Lumbar Spinal Interneuron Activity as it Relates to Rhythmic Motor Output in the Adult, Spinal, Air-Stepping Cat","","2014-01-01",
"3NWY2FW5","journalArticle","Toward Mission Capable Legged Robots through Biological Inspiration","10.1023/a:1012478704769","2001-11-01","Autonomous Robots"
"CW7JZ7L4","journalArticle","Central Pattern Generator for Locomotion: Anatomical, Physiological, and Pathophysiological Considerations","10.3389/fneur.2012.00183","2013-02-08","Frontiers in Neurology"
"IM5WCMZI","journalArticle","An Intersegmental Neuronal Architecture for Spinal Wave Propagation under Deletions","10.1523/jneurosci.1737-09.2009","2009-08-19","The Journal of Neuroscience"
"WECMUBAX","journalArticle","Forms of Forward Quadrupedal Locomotion. III. A Comparison of Posture, Hindlimb Kinematics, and Motor Patterns for Downslope and Level Walking","10.1152/jn.1998.79.4.1702","","Journal of Neurophysiology"
"MNB7HGR7","journalArticle","Vibration-Induced Changes in EMG During Human Locomotion","10.1152/jn.00863.2002","2003-03-01","Journal of Neurophysiology"
"4WLDLKPD","journalArticle","Sensory Feedback and Central Neuronal Interactions in Mouse Locomotion","10.1101/2023.10.31.564886","2023-11-02",
"58Q9FCBD","journalArticle","Speed-dependent modulation of phase variations on a step-by-step basis and its impact on the consistency of interlimb coordination during quadrupedal locomotion in intact adult cats","10.1152/jn.00524.2013","2014-05-01","Journal of Neurophysiology"
"MGUAVHFY","journalArticle","Kinematic and behavioral evidence for a distinction between trotting and ambling gaits in the cockroach Blaberus discoidalis","10.1242/jeb.056481","2011-06-15","The Journal of Experimental Biology"
"CEKYCAGT","journalArticle","Initiating or Blocking Locomotion in Spinal Cats by Applying Noradrenergic Drugs to Restricted Lumbar Spinal Segments","10.1523/jneurosci.20-22-08577.2000","2000-11-15","The Journal of Neuroscience"
"UNIGJ9YZ","journalArticle","Biological Pattern Generation: The Cellular and Computational Logic of Networks in Motion","10.1016/j.neuron.2006.11.008","2006-12-07","Neuron"
"8U825SL4","journalArticle","Modular organization of the multipartite central pattern generator for turtle rostral scratch: knee-related interneurons during deletions","10.1152/jn.00871.2015","2016-06-01","Journal of Neurophysiology"
"PEVJKQRJ","journalArticle","Phase dependent reflex reversal during walking in chronic spinal cats","10.1016/0006-8993(75)91013-6","1975-02-21","Brain Research"
"LZPQY2KV","journalArticle","Neuronal specification in the spinal cord: inductive signals and transcriptional codes","10.1038/35049541","2000-10-01","Nature Reviews Genetics"
"HMKDKGKQ","journalArticle","Optogenetic dissection reveals multiple rhythmogenic modules underlying locomotion","10.1073/pnas.1304365110","2013-07-09","Proceedings of the National Academy of Sciences of the United States of America"
"G7X8E86M","journalArticle","Tonic Central and Sensory Stimuli Facilitate Involuntary Air-Stepping in Humans","10.1152/jn.90895.2008","2009-04-01","Journal of Neurophysiology"
"XXX6RM4G","journalArticle","Central pattern generators in the turtle spinal cord: selection among the forms of motor behaviors.","10.1152/jn.00602.2017","2018-02-01","Journal of Neurophysiology"
"YZ253THP","journalArticle","The Brain in Its Body: Motor Control and Sensing in a Biomechanical Context","10.1523/jneurosci.3338-09.2009","2009-10-14","The Journal of Neuroscience"
"7GCFAMKS","journalArticle","Controlling torque in a prosthesis or orthosis","","2011-04-04",
"L36CA55S","journalArticle","State-dependent rhythmogenesis and frequency control in a half-center locomotor CPG","10.1152/jn.00550.2017","2018-01-01","Journal of Neurophysiology"
"9YCEF35V","journalArticle","Phasic gain control of reflexes from the dorsum of the paw during spinal locomotion.","10.1016/0006-8993(77)90710-7","1977-08-19","Brain Research"
"LYCP6X3M","journalArticle","Sensory regulation of stance-to-swing transition in generation of adaptive human walking: A simulation study","10.1016/j.robot.2011.12.005","2012-05-01","Robotics and Autonomous Systems"
"CS6UC3IE","journalArticle","Firing Properties of Identified Interneuron Populations in the Mammalian Hindlimb Central Pattern Generator","10.1523/jneurosci.22-22-09961.2002","2002-11-15","The Journal of Neuroscience"
"V4ZNAPCE","journalArticle","Contribution of Cutaneous Inputs From the Hindpaw to the Control of Locomotion. I. Intact Cats","10.1152/jn.00496.2003","2003-12-01","Journal of Neurophysiology"
"RAPTYL2H","journalArticle","Contribution of sensory feedback to ongoing ankle extensor activity during the stance phase of walking","10.1139/y04-043","2004-07-01","Canadian Journal of Physiology and Pharmacology"
"VQ7F2KNP","journalArticle","comparison study hindlimb control during fictive and real locomotion: a Motoneuronal and muscle synergies involved in cat","","2012-01-01",
"8RDG5YUZ","journalArticle","Functional subdivision of feline spinal interneurons in reflex pathways from group Ib and II muscle afferents; an update.","10.1111/j.1460-9568.2010.07354.x","2010-08-16","European Journal of Neuroscience"
"77QUIHAM","journalArticle","The role of Renshaw cells in locomotion: antagonism of their excitation from motor axon collaterals with intravenous mecamylamine","10.1007/bf00236206","1987-03-01","Experimental Brain Research"
"5LE2D2QE","journalArticle","Method for controlling a robotic limb joint","","2014-10-21",
"93J8LWE3","journalArticle","Vestibular-mediated synaptic inputs and pathways to sympathetic preganglionic neurons in the neonatal mouse.","10.1113/jphysiol.2012.234609","2012-11-15","The Journal of Physiology"
"RLI4I9FX","journalArticle","Stimulation of a Restricted Region in the Midline Cerebellar White Matter Evokes Coordinated Quadrupedal Locomotion in the Decerebrate Cat","10.1152/jn.1999.82.1.290","1999-07-01","Journal of Neurophysiology"
"KBKN2MM5","journalArticle","Recent advances in evolutionary and bio-inspired adaptive robotics: Exploiting embodied dynamics","10.1007/s10489-021-02275-9","2021-05-10","Applied Intelligence"
"DVEPEET2","journalArticle","Generation of human bipedal locomotion by a bio-mimetic neuro-musculo-skeletal model.","10.1007/pl00007977","2001-01-01","Biological Cybernetics"
"FUJC6G26","journalArticle","Force Regulation of Ankle Extensor Muscle Activity in Freely Walking Cats","10.1152/jn.90918.2008","2009-01-01","Journal of Neurophysiology"
"IXXAYLTJ","journalArticle","Spinal Cord Circuits: Models and Reality","10.1007/s11062-022-09927-7","2022-09-24","Neurophysiology"
"R9D8ZJ55","journalArticle","Spinal control of locomotion--from cat to man.","10.1111/j.1748-1716.2006.01651.x","2007-02-01","Acta Physiologica"
"G4LJSGDJ","journalArticle","The functional role of triceps during human locomotion","","2013-11-22",
"7RRPBMJD","journalArticle","Functional organization within the medullary reticular formation of the intact unanesthetized cat. III. Microstimulation during locomotion.","10.1152/jn.1991.66.3.919","1991-09-01","Journal of Neurophysiology"
"T22NX5SR","journalArticle","Computer simulation of stepping in the hind legs of the cat: an examination of mechanisms regulating the stance-to-swing transition.","10.1152/jn.00065.2005","December 2005","Journal of neurophysiology"
"X7H6J7XW","journalArticle","Proprioception from a spinocerebellar perspective.","10.1152/physrev.2001.81.2.539","2001-04-01","Physiological Reviews"
"UAXREP74","journalArticle","Biologically inspired approaches to robotics: what can we learn from insects?","10.1145/245108.245118","1997-03-01","Communications of The ACM"
"NC7ETD46","journalArticle","Effects ofstimulation ofhindlimb flexor groupIIafferents during fictive locomotion inthecat","","2011-01-01",
"NFP4GCRL","journalArticle","Mechanosensory Feedback in Walking: From Joint Control to Locomotor Patterns","10.1016/s0065-2806(07)34004-6","2007-01-01","Advances in Insect Physiology"
"BTE4MNP2","journalArticle","The central pattern generator for forelimb locomotion in the cat.","10.1016/s0079-6123(03)43011-2","2004-01-01","Progress in Brain Research"
"U9LYZZKP","bookSection","A Neuromechanical Model of Spinal Control of Locomotion","10.1007/978-1-4939-3267-2_2","2016",
"SCAU9PQ7","journalArticle","Emulating Balance Control Observed in Human Test Subjects with a Neural Network","10.1007/978-3-319-95972-6_21","2000-01-01",
"5CPQLT4P","journalArticle","Muscle proprioceptive feedback and spinal networks","10.1016/j.brainresbull.2007.03.010","2007-07-12","Brain Research Bulletin"
"3D3FLH8A","journalArticle","Swing-to-Stance Transition in Walking Cats A Role for Hip Position in Initiating the","","2005-01-01",
"6KDKJD7K","journalArticle","Neuronal Control of LocomotionFrom Mollusc to Man","10.1093/acprof:oso/9780198524052.001.0001","1999-09-02",
"XDKQIYUI","journalArticle","Experimental and Computational Assessment of Locomotor Coordination and Complexity Following Incomplete Spinal Cord Injury in the Rat","","2012-01-01",
"38XBMS29","journalArticle","Speed dependency in ╬▒-motoneuron activity and locomotor modules in human locomotion: Indirect evidence for phylogenetically conserved spinal circuits","10.1098/rspb.2017.0290","2017-03-29","Proceedings of the Royal Society of London B: Biological Sciences"
"TYN2GGIQ","journalArticle","Integration of feedforward and feedback control in the neuromechanics of vertebrate locomotion: a review of experimental, simulation and robotic studies","10.1242/jeb.245784","2023-08-01",
"CHLNDG3Y","journalArticle","Left-right locomotor coordination in human neonates","10.1523/jneurosci.0612-22.2022","2022-07-13","The Journal of Neuroscience"
"H78RABQM","journalArticle","Spatiotemporal activation of lumbosacral motoneurons in the locomotor step cycle","10.1152/jn.00479.2001","2002-03-01","Journal of Neurophysiology"
"C42DBB9I","journalArticle","Biomimetic joint actuators","","2012-03-12",
"AVY5J95X","journalArticle","Shining light into the black box of spinal locomotor networks","10.1098/rstb.2009.0322","2010-08-12","Philosophical Transactions of the Royal Society B"
"YBSVDD6K","journalArticle","Candidate interneurones mediating group I disynaptic EPSPs in extensor motoneurones during fictive locomotion in the cat.","10.1113/jphysiol.2004.076034","2005-03-01","The Journal of Physiology"
"24TJCYFC","journalArticle","Spinal pattern generation","10.1016/0959-4388(94)90139-2","1994-12-01","Current Opinion in Neurobiology"
"BF5HZHJ4","journalArticle","A computational model of insect campaniform sensilla predicts encoding of forces during walking.","10.1088/1748-3190/ac1ced","2021-08-12","Bioinspiration & Biomimetics"
"DN6DK44F","journalArticle","Phase-Dependent Response to Afferent Stimulation During Fictive Locomotion: A Computational Modeling Study.","10.3389/fnins.2019.01288","2019-11-29","Frontiers in Neuroscience"
"7BSD3IUL","journalArticle","Force related afferent feedback to the triceps surae locomotor activity during human walking","","2009-01-01",
"TRPEKXCS","journalArticle","What functions do reflexes serve during human locomotion","10.1016/s0301-0082(98)00081-1","1999-06-01","Progress in Neurobiology"
"3A7GHMS9","journalArticle","Comparative Locomotor Systems","10.1002/9781118133880.hop203007","2012-09-26",
"EH4PQ4WE","journalArticle","Major role for sensory feedback in soleus EMG activity in the stance phase of walking in man.","10.1111/j.1469-7793.2000.00817.x","2000-03-01","The Journal of Physiology"
"U92ILPRG","journalArticle","The Human Central Pattern Generator for Locomotion: Does It Exist and Contribute to Walking?","10.1177/1073858417699790","2017-03-28","The Neuroscientist"
"WG6L2ZKF","journalArticle","The human spinal cord interprets velocity-dependent afferent input during stepping","10.1093/brain/awh252","2004-10-01","Brain"
"CIP523SC","journalArticle","Chapter 2--the spinal generation of phases and cycle duration.","10.1016/b978-0-444-53825-3.00007-3","2011-01-01","Progress in Brain Research"
"QBSFRUBB","journalArticle","Inhibition and Facilitation of the Spinal Locomotor Central Pattern Generator and Reflex Circuits by Somatosensory Feedback From the Lumbar and Perineal Regions After Spinal Cord Injury.","10.3389/fnins.2021.720542","2021-07-28","Frontiers in Neuroscience"
"B5SJZXJB","journalArticle","Asymmetric Operation of the Locomotor Central Pattern Generator in the Neonatal Mouse Spinal Cord","10.1152/jn.90729.2008","2008-10-01","Journal of Neurophysiology"
"VPGT9AU2","journalArticle","Neuromuscular responses to gait perturbations in freely moving cats.","10.1007/bf00237937","1980-01-01","Experimental Brain Research"
"X43C92H6","journalArticle","Chapter 10--a hierarchical perspective on rhythm generation for locomotor control.","10.1016/b978-0-444-53825-3.00015-2","2011-01-01","Progress in Brain Research"
"YANK2JE7","journalArticle","Candidate Interneurons Mediating the Resetting of the Locomotor Rhythm by Extensor Group I Afferents in the Cat.","10.1016/j.neuroscience.2020.09.017","2020","Neuroscience"
"QQ72U88U","journalArticle","Intra-axonal recordings of cutaneous primary afferents during fictive locomotion in the cat","10.1152/jn.1989.62.5.1177","1989-11-01","Journal of Neurophysiology"
"4RKX2V4M","journalArticle","Common Principles of Motor Control in Vertebrates and Invertebrates","10.1146/annurev.ne.16.030193.001405","1993-01-01","Annual Review of Neuroscience"
"LW34QCSG","journalArticle","Models of ensemble firing of muscle spindle afferents recorded during normal locomotion in cats","10.1111/j.1469-7793.1998.277bu.x","1998-02-15","The Journal of Physiology"
"5AYSTSNZ","journalArticle","Loss of Wt1 in the murine spinal cord alters interneuron composition and locomotion","10.1101/226316","2017-11-29","bioRxiv"
"X2JTGTDF","journalArticle","Controlling legs for locomotionΓÇöinsights from robotics and neurobiology","10.1088/1748-3190/10/4/041001","2015-06-29","Bioinspiration & Biomimetics"
"6GLSKHGX","journalArticle","Fundamental contributions of the cat model to the neural control of locomotion","10.1016/b978-0-12-816477-8.00013-2","2020-01-01",
"RJNJ56N2","journalArticle","The neural control of interlimb coordination during mammalian locomotion.","10.1152/jn.00978.2016","2017-03-15","Journal of Neurophysiology"
"RZHWHV8V","journalArticle","Frequency-dependent recruitment of V2a interneurons during fictive locomotion in the mouse spinal cord","10.1038/ncomms1276","2011-04-12","Nature Communications"
"MQ4SINGP","journalArticle","Flexor reflex afferents reset the step cycle during fictive locomotion in the cat","10.1007/s002210050522","1998-05-30","Experimental Brain Research"
"XZZTCTKS","journalArticle","Neural Control of Stereotypic Limb Movements","10.1002/cphy.cp120105","2011-01-01","Comprehensive Physiology"
"P4K9D6C4","journalArticle","Peeling back the layers of locomotor control in the spinal cord","10.1016/j.conb.2015.03.001","2015-08-01","Current Opinion in Neurobiology"
"5PGM63XT","journalArticle","Designing responsive pattern generators: stable heteroclinic channel cycles for modeling and control","10.1088/1748-3190/10/2/026001","2015-02-25","Bioinspiration & Biomimetics"
"TBAVYRP9","journalArticle","The cat step cycle: Hind limb joint angles and muscle lengths during unrestrained locomotion","10.1002/jmor.1051410102","1973-09-01","Journal of Morphology"
"W4B3WQQJ","journalArticle","Fictive motor patterns in chronic spinal cats","10.1152/jn.1991.66.6.1874","1991-12-01","Journal of Neurophysiology"
"RQ2TPMYJ","journalArticle","Sub-populations of Spinal V3 Interneurons Form Focal Modules of Layered Pre-motor Microcircuits.","10.1016/j.celrep.2018.08.095","2018-10-02","Cell Reports"
"MZQZRLAD","journalArticle","Common interneurones in reflex pathways from group 1a and 1b afferents of ankle extensors in the cat.","10.1113/jphysiol.1981.sp013556","1981-01-01","The Journal of Physiology"
"JU2XYUMF","journalArticle","Asymmetric control of cycle period by the spinal locomotor rhythm generator in the adult cat.","10.1113/jphysiol.2009.176669","2009-10-01","The Journal of Physiology"
"AX2HXFG5","journalArticle","Two-Level Model of Mammalian Locomotor CPG","10.1007/978-1-0716-1006-0_49","2022-01-01",
"5K3KTVGR","journalArticle","Descending and Local Network Interactions Control Adaptive Locomotion","","2014-12-04",
"9WX8AVUH","journalArticle","Novel Locomotion via Biological Inspiration","10.1117/12.886413","2011-05-13","Proceedings of SPIE"
"Y2BW66HN","journalArticle","Sensory control and organization of neural networks mediating coordination of multisegmental organs for locomotion.","10.1152/jn.00615.2004","2005-03-01","Journal of Neurophysiology"
"VH4NX6CM","journalArticle","Cutaneous inputs from perineal region facilitates and modulates spinal locomotor activity and reduces cutaneous reflexes from the foot in spinal cats","10.1101/2020.07.29.226530","2020-07-30","bioRxiv"
"7EZJZ9C2","journalArticle","A Soft-Body Controller with Ubiquitous Sensor Feedback","10.1007/978-3-642-31525-1_4","2012-07-09",
"SIZ7EM97","journalArticle","Motor module activation sequence and topography in the spinal cord during air-stepping in human: Insights into the traveling wave in spinal locomotor circuits.","10.14814/phy2.13504","2017-11-01","Physiological Reports"
"HMWGI36I","journalArticle","Adaptive Control Strategies for Interlimb Coordination in Legged Robots: A Review","10.3389/fnbot.2017.00039","2017-08-23","Frontiers in Neurorobotics"
"XSFL2EC2","journalArticle","Locomotion controller for a crab-like robot","10.1109/robot.1998.676345","1998-05-16",
"3CLITMJV","journalArticle","Extending the Functional Subnetwork Approach to a Generalized Linear Integrate-and-Fire Neuron Model.","10.3389/fnbot.2020.577804","2020","Frontiers in Neurorobotics"
"FRS8ZGSL","journalArticle","Generating the walking gait: role of sensory feedback.","10.1016/s0079-6123(03)43012-4","2004-01-01","Progress in Brain Research"
"7MN8AABH","journalArticle","Propriospinal Neurons: Essential Elements of Locomotor Control in the Intact and Possibly the Injured Spinal Cord.","10.3389/fncel.2019.00512","2019-11-12","Frontiers in Cellular Neuroscience"
"ITWKJ8XH","journalArticle","Probing the Human Spinal Locomotor Circuits by Phasic Step-Induced Feedback and by Tonic Electrical and Pharmacological Neuromodulation.","10.2174/1381612822666161214144655","2017-03-31","Current Pharmaceutical Design"
"UD2N37J8","journalArticle","Ensemble firing of muscle afferents recorded during normal locomotion in cats","10.1111/j.1469-7793.1998.293bu.x","1998-02-01","The Journal of Physiology"
"8LQF6FPA","journalArticle","Enhancement and Resetting of Locomotor Activity by Muscle Afferentsa","10.1111/j.1749-6632.1998.tb09050.x","1998-11-01","Annals of the New York Academy of Sciences"
"WD77HPPV","journalArticle","Functionally complex muscles of the cat hindlimb. IV. Intramuscular distribution of movement command signals and cutaneous reflexes in broad, bifunctional thigh muscles","10.1007/bf00229407","1991-01-01","Experimental Brain Research"
"MNUYRC9U","journalArticle","A Neural Network with Central Pattern Generators Entrained by Sensory Feedback Controls Walking of a Bipedal Model","10.1007/978-3-319-42417-0_14","2016-07-19",
"KWG7NPDI","journalArticle","Quantitative Analysis of Feedback During Locomotion","","2006-11-20",
"NSEV82VS","journalArticle","V3 spinal neurons establish a robust and balanced locomotor rhythm during walking.","10.1016/j.neuron.2008.09.027","2008-10-09","Neuron"
"KEPJX8DH","journalArticle","Implications of Positive Feedback in the Control of Movement","10.1152/jn.1997.77.6.3237","1997-06-01","Journal of Neurophysiology"
"VASRIRZZ","journalArticle","Neurodynamic modeling of the fruit fly Drosophila melanogaster.","10.1088/1748-3190/ab9e52","2020-09-14","Bioinspiration & Biomimetics"
"BL6Q4935","journalArticle","Stimulation of the Spinal Cord for the Control of Walking","10.1142/9789813207158_0025","2017-05-01",
"K4R3AVWU","journalArticle","The initiation of the swing phase in human infant stepping: importance of hip position and leg loading","10.1111/j.1469-7793.2000.00389.x","2000-10-15","The Journal of Physiology"
"G93A9Z5X","journalArticle","Method for using a model-based controller for a robotic leg","","2016-11-03",
"C3E574SH","journalArticle","Math Modeling of Interlimb Coordination in Cat Locomotion","","2020-01-01",
"VFJ5DL9M","journalArticle","The mammalian spinal commissural system: properties and functions.","10.1152/jn.00347.2019","2020-01-01","Journal of Neurophysiology"
"I8B9GMPB","journalArticle","The mammalian central pattern generator for locomotion","10.1016/j.brainresrev.2009.08.002","2009-12-11","Brain Research Reviews"
"7ETPP9EE","journalArticle","Dual-mode operation of neuronal networks involved in left-right alternation","10.1038/nature12286","2013-08-01","Nature"
"8VKY3MVB","journalArticle","A model of the neuro-musculo-skeletal system for human locomotion","10.1007/bf00204048","1995-07-01","Biological Cybernetics"
"F7JPQ74U","journalArticle","Five basic muscle activation patterns account for muscle activity during human locomotion: Basic muscle activation patterns","10.1113/jphysiol.2003.057174","04/2004","The Journal of Physiology"
"DS6WLCW2","journalArticle","LOCOMOTION CHARACTERIZATION OF DCC AND NCK2 MUTANT MICE","","2019-01-15",
"FQ6VDBKH","journalArticle","Organization of functional synaptic connections between medullary reticulospinal neurons and lumbar descending commissural interneurons in the neonatal mouse.","10.1523/jneurosci.5486-10.2011","2011-03-23","The Journal of Neuroscience"
"KJPZZM6H","journalArticle","Localization and organization of the central pattern generator for hindlimb locomotion in newborn rat","10.1523/jneurosci.15-07-04943.1995","1995-07-01","The Journal of Neuroscience"
"YLM5KGMY","journalArticle","The locomotion of the low spinal cat. II. Interlimb coordination","10.1111/j.1748-1716.1980.tb06534.x","1980-03-01","Acta Physiologica Scandinavica"
"J9GNFYB3","journalArticle","Function of Segmental Reflexes in the Control of Stepping in Cockroaches and Cats","10.1007/978-1-4757-0964-3_21","1976-01-01",
"9WKIPU79","journalArticle","Parallel Complementary Strategies for Implementing Biological Principles into Mobile Robots","10.1177/0278364903022003003","2003-03-01","The International Journal of Robotics Research"
"XSURUQAR","journalArticle","Lack of adaptation during prolonged split-belt locomotion in the intact and spinal cat.","10.1113/jp274518","2017-09-01","The Journal of Physiology"
"H7FU2J6M","journalArticle","The intrinsic factors in the act of progression in the mammal","10.1098/rspb.1911.0077","1911-12-08","Proceedings of The Royal Society B: Biological Sciences"
"NMUMII7I","journalArticle","Using Animatlab for Neuromechanical Analysis: Linear Hill Parameter Calculation","10.1007/978-3-030-64313-3_38","2020",
"4T74U33I","journalArticle","in intact adult cats interlimb coordination during quadrupedal locomotion step-by-step basis and its impact on the consistency of Speed-dependent modulation of phase variations on a","","2014-01-01",
"JZDRPRJK","journalArticle","Analyzing Moment Arm Profiles in a Full-Muscle Rat Hindlimb Model","10.3390/biomimetics4010010","2019-01-25","Biomimetics"
"E2GPABFA","journalArticle","Afferent control of locomotor CPG: insights from a simple neuromechanical model","10.1111/j.1749-6632.2010.05435.x","2010-06-01","Annals of the New York Academy of Sciences"
"AMB2NQC8","journalArticle","Neuromechanical Mantis Model Replicates Animal Postures via Biological Neural Models","10.1007/978-3-319-09435-9_26","2014-07-30",
"89WM8PFQ","journalArticle","Significance of load receptor input during locomotion: a review","10.1016/s0966-6362(99)00052-1","2000-04-01","Gait & Posture"
"EG2JR5TQ","journalArticle","Depression of muscle and cutaneous afferent-evoked monosynaptic field potentials during fictive locomotion in the cat.","10.1111/j.1469-7793.1999.00691.x","1999-12-01","The Journal of Physiology"
"GQU3IHP6","journalArticle","Restoring walking after spinal cord injury.","10.1016/j.pneurobio.2004.04.003","2004-06-01","Progress in Neurobiology"
"HWDHW77P","journalArticle","Convergent evolution and locomotion through complex terrain by insects, vertebrates and robots","10.1016/j.asd.2004.05.001","2004-07-01","Arthropod Structure & Development"
"53CRRBG2","journalArticle","Phase-dependent modulation of primary afferent depolarization in single cutaneous primary afferents evoked by peripheral stimulation during fictive locomotion in the cat","10.1016/0006-8993(90)90334-8","1990-12-24","Brain Research"
"AKDZIR4R","journalArticle","Review article (Part 2) Neural control of locomotion: sensory control of the central pattern generator and its relation to treadmill training","","1998-01-01",
"9GTNRHKK","journalArticle","Proprioceptive Control of Extensor Activity during Fictive Scratching and Weight Support Compared to Fictive Locomotion","10.1523/jneurosci.19-24-10966.1999","1999-12-15","The Journal of Neuroscience"
"MULT3QWH","journalArticle","Synaptic actions on motoneurones caused by impulses in Golgi tendon organ afferents.","10.1113/jphysiol.1957.sp005849","1957-09-23","The Journal of Physiology"
"MXGXC3FH","journalArticle","Unusual Quadrupedal Locomotion in Rat during Recovery from Lumbar Spinal Blockade of 5-HT7 Receptors.","10.3390/ijms22116007","2021-06-01","International Journal of Molecular Sciences"
"JEFWMP8Y","journalArticle","Increased amplitude of cutaneous reflexes during human running as compared to standing.","10.1016/0006-8993(93)90903-z","1993-06-11","Brain Research"
"GQYLS3J5","journalArticle","Intralimb and interlimb coordination in the cat during real and fictive rhythmic motor programs","10.1016/s1044-5765(05)80026-0","1993-02-01","Seminars in Neuroscience"
"R3TPT74R","journalArticle","The effect of dorsal root transection on the efferent motor pattern in the cat's hindlimb during locomotion.","10.1111/j.1748-1716.1984.tb07400.x","1984-03-01","Acta Physiologica Scandinavica"
"MUTCUC9Z","journalArticle","Stumbling corrective reaction: a phase-dependent compensatory reaction during locomotion","10.1152/jn.1979.42.4.936","1979-07-01","Journal of Neurophysiology"
"92JTZDFF","journalArticle","Simple Muscle Models Regularize Motion in a Robotic Leg with Neurally-Based Step Generation","10.1109/robot.2007.363057","2007-04-10",
"VDCCTFT9","journalArticle","Stimulation of the group I extensor afferents prolongs the stance phase in walking cats.","10.1007/bf00241961","1995-01-01","Experimental Brain Research"
"AR5DQDSE","journalArticle","Locomotor Pattern Generation in the Rodent Spinal Cord","10.1007/978-1-0716-1006-0_48","2022-01-01",
"TLVQNV83","bookSection","The Motor Circuit","10.1016/S0074-7742(05)69005-8","2005-01-01",
"CJMYSRWG","journalArticle","Organization of the Mammalian Locomotor CPG: Review of Computational Model and Circuit Architectures Based on Genetically Identified Spinal Interneurons(1,2,3).","10.1523/eneuro.0069-15.2015","2015-09-01",
"DLHNVKD7","bookSection","","","2015",
"BSYGDEM9","journalArticle","Activity of vestibulospinal neurons during locomotion.","10.1016/0006-8993(72)90007-8","1972-11-13","Brain Research"
"C825GTPT","journalArticle","How detailed is the central pattern generation for locomotion","10.1016/0006-8993(75)90401-1","1975-05-02","Brain Research"
"IV4TUKTR","journalArticle","Contribution of Force Feedback to Ankle Extensor Activity in Decerebrate Walking Cats","10.1152/jn.00325.2004","2004-10-01","Journal of Neurophysiology"
"CGD36ERG","journalArticle","Model-based neuromechanical controller for a robotic leg","","2010-02-01",
"M7TUEFIN","journalArticle","Effects of training on the recovery of full-weight-bearing stepping in the adult spinal cat.","10.1016/0014-4886(86)90094-4","1986-05-01","Experimental Neurology"
"5KJXUUZJ","journalArticle","Discharges of single hindlimb afferents in the freely moving cat.","10.1152/jn.1976.39.5.1090","1976-09-01","Journal of Neurophysiology"
"69IZK39D","journalArticle","Sensory Modulation of Locomotor-Like Membrane Oscillations in Hb9-Expressing Interneurons","10.1152/jn.00996.2009","2010-06-01","Journal of Neurophysiology"
"WDYJSDGU","journalArticle","Tapping into spinal circuits to restore motor function.","10.1016/s0165-0173(99)00008-9","1999-07-01","Brain Research Reviews"
"KF7FDS4P","journalArticle","Bio-inspired controller achieving forward speed modulation with a 3D bipedal walker","10.1177/0278364917743320","January 1, 2018","The International Journal of Robotics Research"
"S9I4LMSZ","journalArticle","Experiments and models of sensorimotor interactions during locomotion","10.1007/s00422-006-0129-x","2006-12-13","Biological Cybernetics"
"VCJ43VY8","journalArticle","Contribution of Afferent Feedback to Adaptive Hindlimb Walking in Cats: A Neuromusculoskeletal Modeling Study","10.3389/fbioe.2022.825149","2022-04-08","Frontiers in Bioengineering and Biotechnology"
"QP34AILY","journalArticle","Inhibitory interneurons within the deep dorsal horn integrate convergent sensory input to regulate motor performance","10.1101/2022.05.21.492933","2022-05-21",
"Y3Z5IN3Y","journalArticle","Peripheral control of the cat's step cycle I. Phase dependent effects of ramp-movements of the hip during ΓÇ£fictive locomotionΓÇ¥","10.1111/j.1748-1716.1981.tb06867.x","1981-09-01","Acta Physiologica Scandinavica"
"U4ABJSLN","journalArticle","Sensorimotor gain control: a basic strategy of motor systems?","10.1016/0301-0082(89)90004-x","1989-01-01","Progress in Neurobiology"
"AUGC78MZ","journalArticle","Analyzing Modeled Torque Profiles to Understand Scale-Dependent Active Muscle Responses in the Hip Joint","10.3390/biomimetics7010017","2022-01-20",
"SUCHEKJX","journalArticle","Neuromodulation of the Spinal Cord for Movement Restoration","10.1016/b978-0-12-805353-9.00098-x","2018-01-01",
"RKXH9VWY","journalArticle","On the initiation of the swing phase of locomotion in chronic spinal cats.","10.1016/0006-8993(78)90973-3","1978-05-12","Brain Research"
"L5E6WSMY","journalArticle","Shared reflex pathways from Ib tendon organ afferents and Ia muscle spindle afferents in the cat.","10.1113/jphysiol.1983.sp014663","1983-05-01","The Journal of Physiology"
"JYW9V34R","journalArticle","The use of state-dependent modulation of spinal reflexes as a tool to investigate the organization of spinal interneurons.","10.1007/s002210050847","1999-09-17","Experimental Brain Research"
"FZF879P3","journalArticle","HUMAN NEURONAL INTERLIMB COORDINATION DURING SPLIT-BELT LOCOMOTION","10.1007/bf00227344","1994-01-01","Experimental Brain Research"
"PX4QPE2A","journalArticle","Relative Contribution of Proprioceptive and Vestibular Sensory Systems to Locomotion: Opportunities for Discovery in the Age of Molecular Science.","10.3390/ijms22031467","2021","International Journal of Molecular Sciences"
"BRHWB9JX","journalArticle","Regulation of Arm and Leg Movement during Human Locomotion","10.1177/1073858404264680","2004-08-01","The Neuroscientist"
"QHAYTMKP","journalArticle","Mechanisms of Left-Right Coordination in Mammalian Locomotor Pattern Generation Circuits: A Mathematical Modeling View","","2015-05-01",
"JRUQD9NA","journalArticle","Phase-dependent transmission in the excitatory propriospinal reflex pathway from forelimb afferents to lumbar motoneurones during fictive locomotion","10.1016/0304-3940(77)90187-2","1977-04-01","Neuroscience Letters"
"6W3YV7QZ","journalArticle","Differential origin of reticulospinal drive to motoneurons innervating trunk and hindlimb muscles in the mouse revealed by optical recording","10.1113/jphysiol.2008.158105","2008-11-01","The Journal of Physiology"
"UVDSAI8N","journalArticle","Gating and reversal of reflexes in ankle muscles during human walking","10.1007/bf00231254","1990-01-01","Experimental Brain Research"
"XTNLKQQ2","journalArticle","Organization of pontine reticulospinal inputs to motoneurons controlling axial and limb muscles in the neonatal mouse.","10.1152/jn.00820.2013","2014-10-01","Journal of Neurophysiology"
"22NYU47D","journalArticle","Control of locomotor cycle durations.","10.1152/jn.00991.2004","2005-03-30","Journal of Neurophysiology"
"ZNH4Y6RK","journalArticle","State- and Condition-Dependent Modulation of the Hindlimb Locomotor Pattern in Intact and Spinal Cats Across Speeds","10.3389/fnsys.2022.814028","2022-02-09","Frontiers in Systems Neuroscience"
"SRJBTWKG","journalArticle","Genetic Ablation of V2a Ipsilateral Interneurons Disrupts Left-Right Locomotor Coordination in Mammalian Spinal Cord","10.1016/j.neuron.2008.08.009","2008-10-09","Neuron"
"2NHK8MS4","journalArticle","The stride cycle of the cat: the modelling of locomotion by computerized analysis of automatic recordings.","","1983-06-30","Acta Physiologica Scandinavica"
"QM4E3SLW","journalArticle","Segmental organization of vestibulospinal inputs to spinal interneurons mediating crossed activation of thoracolumbar motoneurons in the neonatal mouse.","10.1523/jneurosci.5188-14.2015","2015-05-27","The Journal of Neuroscience"
"4YSY755G","journalArticle","The dominant role of the hip in multijoint reflex responses in human spinal cord injury","","2011-01-01",
"4RQDJHCA","journalArticle","The significance of dynamical architecture for adaptive responses to mechanical loads during rhythmic behavior","10.1007/s10827-014-0519-3","2015-02-01","Journal of Computational Neuroscience"
"ZMLZC8RV","journalArticle","Flexion-reflex of the limb, crossed extension-reflex, and reflex stepping and standing.","10.1113/jphysiol.1910.sp001362","1910-04-26","The Journal of Physiology"
"RQHYHAKQ","journalArticle","HALF-CENTRES REVISITED","10.1016/b978-0-08-026814-9.50025-9","1981-01-01",
"57KB6B8F","journalArticle","Phasic gain control of the transmission in cutaneous reflex pathways to motoneurones during 'fictive' locomotion.","10.1016/0006-8993(78)90493-6","1978-06-30","Brain Research"
"XY9LLPB9","journalArticle","Posture control of a cockroach-like robot","10.1109/robot.1998.676348","1998-05-16",
"CF4NKJHF","journalArticle","Golgi tendon organs in mammalian skeletal muscle: functional properties and central actions","10.1152/physrev.1992.72.3.623","1992-07-01","Physiological Reviews"
"NUQ2JRWH","journalArticle","Central pattern generators and the control of rhythmic movements","10.1016/s0960-9822(01)00581-4","2001-11-27","Current Biology"
"XJLADIKX","journalArticle","V1 spinal neurons regulate the speed of vertebrate locomotor outputs.","10.1038/nature04545","2006-03-09","Nature"
"HBSYUSNN","journalArticle","Biologically based distributed control and local reflexes improve rough terrain locomotion in a hexapod robot","10.1016/0921-8890(96)00003-6","1996-07-01","Robotics and Autonomous Systems"
"8UAJ3AXT","journalArticle","Central pattern generators in the brainstem and spinal cord: an overview of basic principles, similarities and differences.","10.1515/revneuro-2017-0102","2019-01-28","Reviews in The Neurosciences"
"XVTZ5QE2","journalArticle","the Spontaneously Locomoting Premammillary Cat Heterogenic Feedback Between Hindlimb Extensors in","","2013-01-01",
"H3PJ25FK","journalArticle","Hip proprioceptors preferentially modulate reflexes of the leg in human spinal cord injury","10.1152/jn.00261.2012","2013-07-15","Journal of Neurophysiology"
"NQQQYYMR","journalArticle","Neurobiological Bases of Rhythmic Motor Acts in Vertebrates","10.1126/science.3975635","1985-04-12","Science"
"MN7M6KV5","journalArticle","Low-threshold, short-latency cutaneous reflexes during fictive locomotion in the ""semi-chronic"" spinal cat.","10.1007/bf00231657","1992-01-01","Experimental Brain Research"
"TYYHQBKQ","journalArticle","Modulation of stretch reflexes during locomotion in the mesencephalic cat","10.1113/jphysiol.1982.sp014319","1982-08-01","The Journal of Physiology"
"TD542N39","journalArticle","Rare phenomena of central rhythm and pattern generation in a case of complete spinal cord injury","10.1038/s41467-023-39034-y","2023-06-06",
"KHTZJETR","journalArticle","Evolution and analysis of model CPGs for walking: II. General principles and individual variability.","10.1023/a:1008920021246","1999-09-01","Journal of Computational Neuroscience"
"24S6U4Q3","journalArticle","The Circuitry of the Human Spinal Cord: Spinal and Corticospinal Mechanisms of Movement","","2012-04-01",
"ZM98CX8T","journalArticle","Vertebrate Pattern Generation: Overview","10.1007/978-1-0716-1006-0_758","2022-01-01",
"7V5HW296","journalArticle","Electrophysiological Characterization of V2a Interneurons and Their Locomotor-Related Activity in the Neonatal Mouse Spinal Cord","10.1523/jneurosci.4849-09.2010","2010-01-06","The Journal of Neuroscience"
"7RMZ97PW","journalArticle","Human Lumbosacral Spinal Cord Interprets Loading During Stepping","10.1152/jn.1997.77.2.797","1997-02-01","Journal of Neurophysiology"
"7GW5D9U9","journalArticle","The distal hindlimb musculature of the cat. Cutaneous reflexes during locomotion.","10.1007/bf00235875","1985-01-01","Experimental Brain Research"
"4QYFLQ33","journalArticle","Confluence of Active and Passive Control Mechanisms Enabling Autonomy and Terrain Adaptability for Robots in Variable Environments","10.1109/wcecs.2008.25","2008-10-22",
"4SBPPWE8","journalArticle","Measured motion: searching for simplicity in spinal locomotor networks.","10.1016/j.conb.2009.10.011","2009-12-01","Current Opinion in Neurobiology"
"H48QS67V","journalArticle","The functional diversity of spinal interneurons and locomotor control","10.1016/j.cophys.2019.01.005","2019-04-01","Current Opinion in Physiology"
"RGJPS3NM","journalArticle","Contribution of peripheral afferents to the activation of the soleus muscle during walking in humans.","10.1007/bf00227094","1991-01-01","Experimental Brain Research"
"CU7WS5GD","journalArticle","Motor Systems","10.1007/978-3-030-41878-6_9","2020-01-01",
"U4KVP3VD","journalArticle","Ankleextensor groupIafferents excite extensors throughout thehindlimb during fictive locomotion inthecat","","2011-01-01",
"86B232MR","journalArticle","Control of reflex reversal in stick insect walking: effects of intersegmental signals, changes in direction, and optomotor-induced turning","10.1152/jn.00718.2011","2012-01-01","Journal of Neurophysiology"
"QAV6825C","journalArticle","Short latency, non-reciprocal group I inhibition is reduced during the stance phase of walking in humans.","10.1016/s0006-8993(96)00977-8","1996-12-16","Brain Research"
"RWAYBADP","journalArticle","Prosthetic, orthotic or exoskeleton device","","2013-06-12",
"HDJEFTXZ","journalArticle","Taking the next step: cortical contributions to the control of locomotion","10.1016/j.conb.2015.01.011","2015-08-01","Current Opinion in Neurobiology"
"53AKZJU8","journalArticle","Neural control of locomotion: sensory control of the central pattern generator and its relation to treadmill training","10.1016/s0966-6362(98)00010-1","1998-05-01","Gait & Posture"
"XE7WCYJK","journalArticle","Evidence for a Spinal Central Pattern Generator in Humansa","10.1111/j.1749-6632.1998.tb09062.x","1998-11-01","Annals of the New York Academy of Sciences"
"A3PE6K2C","journalArticle","Distinguishing subtypes of spinal locomotor neurons to inform circuit function and dysfunction","10.1016/j.conb.2023.102763","2023-10-01",
"SJQECRPF","journalArticle","Contribution of hind limb flexor muscle afferents to the timing of phase transitions in the cat step cycle","10.1152/jn.1996.75.3.1126","1996-03-01","Journal of Neurophysiology"
"9MRTHK72","journalArticle","Kinematic and Kinetic Analysis of a Biomechanical Model of Rat Hind Limb with Biarticular Muscles","10.1007/978-3-030-64313-3_7","2020",
"Z3CWS2MG","journalArticle","Control of a hexapod robot using a biologically inspired neural network","","1993-01-02",
"Y5PNF265","journalArticle","Mechanics of slope walking in the cat: quantification of muscle load, length change, and ankle extensor EMG patterns.","10.1152/jn.01300.2004","2006-03-01","Journal of Neurophysiology"
"RZG2ZGFH","journalArticle","Circuits for Grasping: Spinal dI3 Interneurons Mediate Cutaneous Control of Motor Behavior","10.1016/j.neuron.2013.02.007","2013-04-10","Neuron"
"TILK8WZU","journalArticle","Biorobotic approaches to the study of motor systems","10.1016/s0959-4388(98)80121-9","1998-12-01","Current Opinion in Neurobiology"
"7DBHF2G7","journalArticle","Motor antagonism exposed by spatial segregation and timing of neurogenesis","10.1038/nature10538","2011-11-03","Nature"
"98M34WNW","journalArticle","Group I disynaptic excitation of cat hindlimb flexor and bifunctional motoneurones during fictive locomotion.","10.1111/j.1469-7793.2000.t01-1-00549.x","2000-06-01","The Journal of Physiology"
"QRBL6JBJ","journalArticle","From neuron to behavior: dynamic equation-based prediction of biological processes in motor control","10.1007/s00422-011-0446-6","2011-07-01","Biological Cybernetics"
"JEIQTLZJ","journalArticle","Functional identification of interneurons responsible for left-right coordination of hindlimbs in mammals.","10.1016/s0896-6273(03)00353-2","2003-06-19","Neuron"
"VLN2GC77","journalArticle","Functionally complex muscles of the cat hindlimb. I. Patterns of activation across sartorius.","10.1007/bf00229406","1991-01-01","Experimental Brain Research"
"G4EK7TTD","journalArticle","Functional subpopulations of V3 interneurons in the mature mouse spinal cord.","10.1523/jneurosci.2005-13.2013","2013-11-20","The Journal of Neuroscience"
"WT5T8CJT","journalArticle","Learning to expect the unexpected: rapid updating in primate cerebellum during voluntary self-motion","10.1038/nn.4077","9/2015","Nature Neuroscience"
"9REJ2LJP","journalArticle","Neural control of locomotion and training-induced plasticity after spinal and cerebral lesions.","10.1016/j.clinph.2010.01.039","2010-10-01","Clinical Neurophysiology"
"ZUPHNMP7","journalArticle","Plasticity of connections underlying locomotor recovery after central and/or peripheral lesions in the adult mammals","10.1098/rstb.2006.1889","2006-09-29","Philosophical Transactions of the Royal Society B"
"GKNZANUN","journalArticle","An electromyographic analysis of muscular activity in the hindlimb of the cat during unrestrained locomotion.","10.1111/j.1748-1716.1969.tb04415.x","1969-04-01","Acta Physiologica Scandinavica"
"3BWPHTY9","journalArticle","A Neuromechanical Rat Model with a Complete Set of Hind Limb Muscles","10.1007/978-3-319-95972-6_57","2018-07-17",
"WPX6WYWS","journalArticle","Role of Proprioceptive Signals From an Insect Femur-Tibia Joint in Patterning Motoneuronal Activity of an Adjacent Leg Joint","10.1152/jn.1999.81.4.1856","1999-04-01","Journal of Neurophysiology"
"FZZ5QS3A","journalArticle","How deletions in a model could help explain deletions in the laboratory.","10.1152/jn.00888.2005","2006-01-01","Journal of Neurophysiology"
"6TZ6T98B","journalArticle","Control for multifunctionality: bioinspired control based on feeding in Aplysia californica","10.1007/s00422-020-00851-9","2020","Biological Cybernetics"
"BKJBDFLY","journalArticle","Actions from group II muscle afferents during fictive locomotion are not mediated through the short latency flexion reflex pathways","","1995-09-24","The Society for Neuroscience Abstracts"
"QD6Q6WVB","journalArticle","Flexor and Extensor Ankle Afferents Broadly Innervate Locomotor Spinal Shox2 Neurons and Induce Similar Effects in Neonatal Mice.","10.3389/fncel.2019.00452","2019-10-09","Frontiers in Cellular Neuroscience"
"H45PDZF9","journalArticle","Physiologically based controller for generating overground locomotion using functional electrical stimulation.","10.1152/jn.01177.2006","2007-03-01","Journal of Neurophysiology"
"7GL2LCK7","journalArticle","Loading the Limb During Rhythmic Leg Movements Lengthens the Duration of Both Flexion and Extension in Human Infants","10.1152/jn.00891.2006","2007-02-01","Journal of Neurophysiology"
"N5GQTCCR","journalArticle","Contribution of load and length related manipulations to muscle responses during force perturbations","10.14288/1.0071394","2010-01-01",
"LQKXSJII","journalArticle","Computing Motion Dependent Afferent Activity During Cat Locomotion Using a Forward Dynamics Musculoskeletal Model","10.1007/978-1-4939-3267-2_10","2016-01-01",
"X43JRQMC","journalArticle","Load Detectors and Their Reflexes During Gait in Cat and Man","10.1007/978-94-010-0870-9_20","2000-01-01",
"23ZX8RAS","journalArticle","Reflex control of locomotion as revealed by stimulation of cutaneous afferents in spontaneously walking premammillary cats.","10.1152/jn.1977.40.4.737","1977-07-01","Journal of Neurophysiology"
"2EKAS7TD","journalArticle","Mechanical entrainment of fictive locomotion in the decerebrate cat.","10.1152/jn.1994.71.6.2074","1994-06-01","Journal of Neurophysiology"
"5GD7MT35","journalArticle","Powered artificial knee with agonist-antagonist actuation","","2010-02-01",
"745GNY85","journalArticle","Leg Coordination Mechanisms in the Stick Insect Applied to Hexapod Robot Locomotion","10.1177/105971239300100404","1993-03-01","Adaptive Behavior"
"3B9KKRVM","journalArticle","Vertebrate Pattern Generation: Overview.","","2014-01-01",
"DJVVU4XM","journalArticle","Multisensory control of spinal reflex pathways.","10.1016/s0079-6123(08)60803-1","1979-01-01","Progress in Brain Research"
"J7R2GK58","journalArticle","Functional role of muscle reflexes for force generation in the decerebrate walking cat","","2000","Journal of Physiology"
"IVCJI25F","journalArticle","A Dynamic Neural Network Designed Using Analytical Methods Produces Dynamic Control Properties Similar to an Analogous Classical Controller","10.1109/lcsys.2018.2871126","2019-04-01",
"9JWDS7G7","journalArticle","Intracellular analysis of reflex pathways underlying the stumbling corrective reaction during fictive locomotion in the cat.","10.1152/jn.00176.2005","2005-09-01","Journal of Neurophysiology"
"9PTWZHBS","journalArticle","Peripheral and Central Control of Flexor Digitorum Longus and Flexor Hallucis Longus Motoneurons: The Synaptic Basis of Functional Diversity","10.1007/bf00235825","1984-01-01","Experimental Brain Research"
"FI8C5SEW","journalArticle","A neuromechanical model exploring the role of the common inhibitor motor neuron in insect locomotion.","10.1007/s00422-019-00811-y","2020-02-01","Biological Cybernetics"
"2DI74HUG","journalArticle","Locomotor Rhythm Generation Linked to the Output of Spinal Shox2 Excitatory Interneurons","10.1016/j.neuron.2013.08.015","2013-11-20","Neuron"
"MH6JNHFW","journalArticle","Contribution of stretch reflexes to locomotor control: a modeling study","10.1007/s00422-003-0449-z","2004-02-01","Biological Cybernetics"
"IYTYN9G5","journalArticle","Postnatal Phenotype and Localization of Spinal Cord V1 Derived Interneurons","10.1002/cne.20711","2005-12-12","The Journal of Comparative Neurology"
"CIHYZYIG","journalArticle","Initiation of locomotion in mammals.","10.1111/j.1749-6632.1998.tb09040.x","1998-11-01","Annals of the New York Academy of Sciences"
"GWGG4UUT","journalArticle","What Can Bidirectional Walking Tell Us about Central Pattern Generators?","10.1007/s11055-023-01357-0","2022-10-01",
"5QDJCXTI","journalArticle","A physical model of sensorimotor interactions during locomotion.","10.1088/1741-2560/9/4/046011","2012-08-01","Journal of Neural Engineering"
"EFAKJFLV","journalArticle","Hybrid terrain-adaptive lower-extremity systems","","2009-09-01",
"YZUN3BA9","journalArticle","Sensorimotor Integration in the Spinal Cord, from Behaviors to Circuits: New Tools to Close the Loop?","10.1007/978-3-319-12913-6_8","2015-01-01",
"XTDMFMYD","journalArticle","Dynamic Sensorimotor Interactions in Locomotion","10.1152/physrev.00028.2005","2006-01-01","Physiological Reviews"
"C4TQ6ZMK","journalArticle","A role for hip position in initiating the swing-to-stance transition in walking cats.","10.1152/jn.00511.2005","November 2005","Journal of neurophysiology"
"8KR32L5I","journalArticle","Spinal interneuronal networks in the cat: elementary components.","10.1016/j.brainresrev.2007.06.022","2008-01-01","Brain Research Reviews"
"QNP2X8MJ","journalArticle","The Spinal Control of Backward Locomotion.","10.1523/jneurosci.0816-20.2020","2020","The Journal of Neuroscience"
"CCS6UZ3Z","journalArticle","Adaptive control for backward quadrupedal walking. II. Hindlimb muscle synergies","10.1152/jn.1990.64.3.756","1990-09-01","Journal of Neurophysiology"
"8LZQC7G4","journalArticle","A Synthetic Nervous System Model of the Insect Optomotor Response","10.1007/978-3-030-64313-3_30","2020",
"MA5R8WXG","journalArticle","Spinal cord pattern generators for locomotion","10.1016/S1388-2457(03)00120-2","August 2003","Clinical Neurophysiology"
"UF8ZT5WB","journalArticle","Circuits controlling vertebrate locomotion: moving in a new direction","10.1038/nrn2608","2009-07-01","Nature Reviews Neuroscience"
"Z2BAY9UX","journalArticle","Reversal of the influence of group Ib afferents from plantaris on activity in medial gastrocnemius muscle during locomotor activity","10.1152/jn.1993.70.3.1009","1993-09-01","Journal of Neurophysiology"
"AA6RXC5Z","journalArticle","Main characteristics of the hindlimb locomotor cycle in the decorticate cat with special reference to bifunctional muscles.","10.1016/0006-8993(80)90207-3","1980-04-14","Brain Research"
"KM9WZR6N","journalArticle","Ankle Extensor EMG Patterns Quantification of Muscle Load, Length Change, and Mechanics of Slope Walking in the Cat:","","2015-01-01",
"XZ9929ML","journalArticle","Six-legged walking in insects: how CPGs, peripheral feedback, and descending signals generate coordinated and adaptive motor rhythms","10.1152/jn.00658.2017","2018-02-01","Journal of Neurophysiology"
"QWPITULI","journalArticle","Reflexes induced by nerve stimulation in walking cats with implanted cuff electrodes.","10.1007/bf00239728","1978-06-19","Experimental Brain Research"
"YAKJ5KY6","journalArticle","Forms of forward quadrupedal locomotion. II. A comparison of posture, hindlimb kinematics, and motor patterns for upslope and level walking.","10.1152/jn.1998.79.4.1687","1998-04-01","Journal of Neurophysiology"
"C4TQ558Z","journalArticle","An interneuronal relay for group I and II muscle afferents in the midlumbar segments of the cat spinal cord.","10.1113/jphysiol.1987.sp016676","1987-08-01","The Journal of Physiology"
"D3TVUUJP","journalArticle","Ia inhibitory interneurons and Renshaw cells as contributors to the spinal mechanisms of fictive locomotion.","10.1152/jn.1987.57.1.56","1987-01-01","Journal of Neurophysiology"
"MG6VKYNG","journalArticle","Sensory Feedback Control of Locomotor Pattern Generation in Cats and Mice.","10.1016/j.neuroscience.2020.05.008","2020-05-15","Neuroscience"
"74B83GN8","journalArticle","Neuronal Control of Locomotion 'From Mollusc to Man '","","1999-11-18",
"CXC3BT59","journalArticle","Activity of bifunctional motoneurons during fictive locomotion: a computational modeling study","","2010-01-01",
"3R757SJS","journalArticle","Sensory Feedback in the Control of Posture and Locomotion","10.1002/9781118873397.ch9","2017-06-23",
"XYJD8M3Q","journalArticle","Crossed activation of thoracic trunk motoneurons by medullary reticulospinal neurons.","10.1152/jn.00194.2019","2019-10-30","Journal of Neurophysiology"
"2EPW6XI7","journalArticle","Swing-to-Stance Transition in Walking Cats A Role for Hip Position in Initiating the","","2015-01-01",
"C7ZXYEER","journalArticle","Neural control of rhythmic limb motion is shaped by size and speed","10.21203/rs.3.rs-153297/v1","2021",
"GHN7UVS9","journalArticle","Epidural spinal cord stimulation as an intervention for motor recovery after motor complete spinal cord injury.","10.1152/jn.00020.2021","2021-10-20","Journal of Neurophysiology"
"A836XRWG","journalArticle","A genetically defined asymmetry underlies the inhibitory control of flexorΓÇôextensor locomotor movements","10.7554/elife.04718","2015-10-14","eLife"
"9WF4U6K6","journalArticle","The Motor Infrastructure: From Ion Channels to Neuronal Networks","10.1038/nrn1137","2003-07-01","Nature Reviews Neuroscience"
"8FJL4D66","journalArticle","Patterns of locomotor drive to motoneurons and last-order interneurons: clues to the structure of the CPG.","10.1152/jn.2001.86.1.447","2001-07-01","Journal of Neurophysiology"
"T49RHM58","journalArticle","Disynaptic group I excitation of synergist ankle extensor motoneurones during fictive locomotion in the cat.","10.1113/jphysiol.1995.sp020897","1995-09-01","The Journal of Physiology"
"DL3YQSCA","journalArticle","Variable-mechanical-impedance artificial legs","","2015-07-21",
"9TK8LDMG","journalArticle","Modulation of ipsi- and contralateral reflex responses in unrestrained walking cats","10.1152/jn.1980.44.5.1024","1980-11-01","Journal of Neurophysiology"
"LV4IQLVG","journalArticle","Investigating the role of low level reinforcement reflex loops in insect locomotion.","10.1088/1748-3190/ac28ea","2021-09-21","Bioinspiration & Biomimetics"
"99DQ5M4Z","journalArticle","A walking robot called human: lessons to be learned from neural control of locomotion.","10.1016/s0021-9290(01)00187-7","2002-04-01","Journal of Biomechanics"
"S9M6ARAL","journalArticle","The Effect of DOPA on the Spinal Cord 6. HalfΓÇÉcentre organization of interneurones transmitting effects from the flexor reflex afferents","10.1111/j.1748-1716.1967.tb03637.x","1967-07-01","Acta Physiologica Scandinavica"
"7VNAVH32","journalArticle","Recent Insights into the Rhythmogenic Core of the Locomotor CPG.","10.3390/ijms22031394","2021","International Journal of Molecular Sciences"
"ZX7PHMHY","journalArticle","Neuromuscular Model-Based Sensing And Control Paradigm For A Robotic Leg","","2013-04-18",
"E478PSQT","journalArticle","Design process and tools for dynamic neuromechanical models and robot controllers","10.1007/s00422-017-0711-4","2/2017","Biological Cybernetics"
"ZJK8IIDQ","journalArticle","Mid-Lumbar Segments Are Needed for the Expression of Locomotion in Chronic Spinal Cats","10.1152/jn.00909.2004","2005-05-01","Journal of Neurophysiology"
"5CQTDVTA","journalArticle","The Cat Model of Spinal Cord Injury","10.1007/978-1-62703-197-4_8","2013-01-01",
"98PKWYHV","journalArticle","Cutaneous inputs from perineal region facilitate spinal locomotor activity and modulate cutaneous reflexes from the foot in spinal cats.","10.1002/jnr.24791","2021","Journal of Neuroscience Research"
"K4X7AYCE","journalArticle","Common and distinct muscle synergies during level and slope locomotion in the cat.","10.1152/jn.00310.2020","2021-06-30","Journal of Neurophysiology"
"H37LQZBS","journalArticle","Effects of ankle and hip muscle afferent inputs on rhythm generation during fictive locomotion.","10.1152/jn.01028.2009","2010-01-20","Journal of Neurophysiology"
"7VYUAIJE","journalArticle","Signals from load sensors underlie interjoint coordination during stepping movements of the stick insect leg.","10.1152/jn.01271.2003","2004-07-01","Journal of Neurophysiology"
"MKS3BUPU","journalArticle","Muscle proprioceptors in adult rat: mechanosensory signaling and synapse distribution in spinal cord","10.1152/jn.00497.2017","2017-11-01","Journal of Neurophysiology"
"NXXH5XDX","journalArticle","Proprioceptive Feedback and Movement Regulation","10.1002/cphy.cp120103","2011-01-01","Comprehensive Physiology"
"NTWI3UJ3","journalArticle","Control of Locomotion in Bipeds, Tetrapods, and Fish","10.1002/cphy.cp010226","2011-01-01","Comprehensive Physiology"
"Y3QP9TZJ","journalArticle","Locomotor pattern generation and descending control: a historical perspective","10.1152/jn.00204.2023","2023-08-01",
"UYQ3ELDI","journalArticle","The possibility of phase-dependent monosynaptic and polysynaptic la excitation to homonymous motoneurones during fictive locomotion","10.1016/0006-8993(78)90363-3","1978-03-31","Brain Research"
"FVXGQF6Y","journalArticle","Simulated Neural Dynamics Produces Adaptive Stepping and Stable Transitions in a Robotic Leg","10.1007/978-3-319-09435-9_15","2014-07-30",
"NWD7875S","journalArticle","Group I extensor afferents evoke disynaptic EPSPs in cat hindlimb extensor motorneurones during fictive locomotion.","10.1113/jphysiol.1996.sp021538","1996-08-01","The Journal of Physiology"
"WTJMWQID","journalArticle","Activation of groups of excitatory neurons in the mammalian spinal cord or hindbrain evokes locomotion","10.1038/nn.2482","2010-02-01","Nature Neuroscience"
