doi,oa_id,cited_by_count,n_refs,n_in_corpus_refs
10.1038/nature14539,https://openalex.org/W2919115771,84638,53,0
10.1113/jphysiol.1952.sp004764,https://openalex.org/W1985940938,23440,15,0
10.1016/0893-6080(89)90020-8,https://openalex.org/W2137983211,21727,21,0
10.1109/jproc.2015.2494218,https://openalex.org/W2192203593,6221,248,0
10.1109/tnn.2003.820440,https://openalex.org/W2164653071,4933,10,1
10.7551/mitpress/2526.001.0001,https://openalex.org/W1576838367,3878,173,3
10.1016/s0006-3495(72)86068-5,https://openalex.org/W2016354087,3802,26,0
10.1093/ageing/afl077,https://openalex.org/W2109218006,2749,36,0
10.1016/j.neunet.2019.03.005,https://openalex.org/W2887258823,2147,357,0
10.1038/35049541,https://openalex.org/W2081235375,2121,105,0
10.1016/j.neunet.2008.03.014,https://openalex.org/W2156174987,1879,230,19
10.1017/jfm.2016.615,https://openalex.org/W2534240011,1655,31,1
10.1146/annurev-fluid-010518-040547,https://openalex.org/W2795982117,1517,90,1
10.1136/ip.2005.011015,https://openalex.org/W2128814754,1514,56,0
10.1002/cphy.cp010226,https://openalex.org/W1724705168,1376,352,22
10.1016/s0893-6080(97)00011-7,https://openalex.org/W101771737,1325,89,0
10.1113/jphysiol.1910.sp001362,https://openalex.org/W2162304282,1325,0,0
10.1016/s0960-9822(01)00581-4,https://openalex.org/W2122107405,1275,149,11
10.1007/s00422-006-0068-6,https://openalex.org/W2109596721,1244,186,2
10.1098/rspb.1911.0077,https://openalex.org/W2159240874,1221,0,0
10.1152/physrev.00028.2005,https://openalex.org/W2169109050,1115,624,102
10.1113/jphysiol.2003.057174,https://openalex.org/W2108315391,1102,57,10
10.1126/science.3975635,https://openalex.org/W1982508615,1085,72,13
10.1007/bf00198086,https://openalex.org/W2033226680,1036,46,6
10.1523/jneurosci.06-05-01308.1986,https://openalex.org/W1637203540,978,26,4
10.14802/jmd.16062,https://openalex.org/W2577370916,968,161,11
10.1016/j.neuron.2006.11.008,https://openalex.org/W2016910258,940,117,18
10.1016/0301-0082(92)90024-9,https://openalex.org/W2141290457,933,591,25
10.1007/978-1-4757-0964-3,https://openalex.org/W365407947,920,0,0
10.1146/annurev.neuro.29.051605.112910,https://openalex.org/W2115682148,906,126,24
10.1016/s0166-2236(97)01149-1,https://openalex.org/W2025842514,869,72,1
10.1038/nrn1137,https://openalex.org/W1978862241,848,153,13
10.1007/bf00235671,https://openalex.org/W2076879580,842,52,10
10.1016/0006-8993(87)91442-9,https://openalex.org/W1973862785,839,16,6
10.1038/nrn.2016.9,https://openalex.org/W2289996588,806,166,50
10.1038/nrn2608,https://openalex.org/W1980143518,794,143,19
10.1111/j.1749-6632.1998.tb09062.x,https://openalex.org/W2117553976,792,32,4
10.1113/jphysiol.1957.sp005794,https://openalex.org/W2052812788,722,35,1
10.1152/jn.00681.2004,https://openalex.org/W2106518363,714,19,2
10.1016/j.brainresrev.2007.08.006,https://openalex.org/W2064257383,712,79,42
10.1109/tnnls.2018.2846646,https://openalex.org/W2829536470,703,92,3
10.1126/science.1210617,https://openalex.org/W1969232476,680,26,8
10.1109/tnsre.2010.2047592,https://openalex.org/W2095661097,668,73,24
10.1038/5721,https://openalex.org/W1482575233,642,28,3
10.1002/jmor.1051410102,https://openalex.org/W1967425026,625,57,4
10.1152/jn.00516.2003,https://openalex.org/W1988407123,625,51,3
10.1016/0006-8993(75)91013-6,https://openalex.org/W2085531075,616,15,2
10.1152/jn.1997.77.2.797,https://openalex.org/W1872061170,605,50,17
10.1152/physrev.00015.2019,https://openalex.org/W2972514463,598,483,91
10.1152/physrev.1992.72.3.623,https://openalex.org/W1814966798,597,0,0
10.1016/j.conb.2009.09.002,https://openalex.org/W2052210110,584,76,11
10.1146/annurev.ne.16.030193.001405,https://openalex.org/W2168071184,581,116,13
10.1152/physrev.1964.44.2.219,https://openalex.org/W2279876591,571,0,0
10.1016/0006-8993(78)90973-3,https://openalex.org/W2086155025,565,19,4
10.1007/bf00204048,https://openalex.org/W1526473519,561,85,9
10.1113/jphysiol.1957.sp005849,https://openalex.org/W2025947382,557,17,0
10.1152/physrev.2000.80.1.83,https://openalex.org/W1512811199,554,523,67
10.1016/0006-8993(80)90206-1,https://openalex.org/W2092114155,544,26,8
10.1016/s0966-6362(97)00042-8,https://openalex.org/W2001556607,532,111,24
10.1152/jn.1967.30.3.466,https://openalex.org/W2174117054,530,0,0
10.1016/0301-0082(89)90004-x,https://openalex.org/W1993420015,525,282,9
10.1146/annurev.neuro.28.061604.135637,https://openalex.org/W2123745704,520,90,3
10.1523/jneurosci.16-18-05777.1996,https://openalex.org/W2161691215,516,31,4
10.1016/s0006-3495(62)86953-7,https://openalex.org/W2012174917,505,26,1
10.1152/jn.00810.2005,https://openalex.org/W2129945286,503,57,6
10.1016/s0301-0082(98)00081-1,https://openalex.org/W2168307960,500,122,19
10.1007/bf00249807,https://openalex.org/W2045391660,496,31,17
10.1016/0014-4886(86)90094-4,https://openalex.org/W1970087762,495,42,6
10.1111/j.1748-1716.1969.tb04415.x,https://openalex.org/W2068733876,494,27,8
10.1016/0010-4825(95)98882-e,https://openalex.org/W2082543871,492,41,0
10.1038/nrn939,https://openalex.org/W2004675537,489,121,24
10.1177/0278364912452673,https://openalex.org/W2079995373,488,66,3
10.1111/j.1748-1716.1967.tb03636.x,https://openalex.org/W2127735752,486,26,4
10.1093/acprof:oso/9780198524052.001.0001,https://openalex.org/W2478562489,484,0,0
10.1111/j.1748-1716.1967.tb03637.x,https://openalex.org/W1974859321,475,13,1
10.1113/jphysiol.1992.sp019296,https://openalex.org/W2078450592,469,36,1
10.1016/0166-2236(90)90057-h,https://openalex.org/W1977331952,458,36,1
10.1016/0166-2236(95)80008-p,https://openalex.org/W2036078241,449,61,3
10.1152/jn.1979.42.4.936,https://openalex.org/W2110198466,449,0,0
10.1162/089976600300015899,https://openalex.org/W2095768716,439,80,1
10.1016/0301-0082(87)90010-4,https://openalex.org/W2094137255,438,170,7
10.1016/j.neuron.2015.02.042,https://openalex.org/W2083831782,436,258,18
10.1016/s0926-6410(02)00071-x,https://openalex.org/W2038021821,427,38,2
10.1016/0959-4388(95)80107-3,https://openalex.org/W2041488220,412,43,13
10.1177/1073858404264680,https://openalex.org/W2395182341,410,161,38
10.1016/s1388-2457(03)00120-2,https://openalex.org/W2152578300,409,159,26
10.1038/nature04545,https://openalex.org/W2029644817,408,31,7
10.1113/jphysiol.2006.118703,https://openalex.org/W2143314240,408,76,31
10.1007/s00221-005-0256-y,https://openalex.org/W1973434807,406,45,5
10.1103/physrevlett.75.3190,https://openalex.org/W1973220634,406,19,1
10.1126/science.2218532,https://openalex.org/W2053049601,402,13,1
10.1038/nature12286,https://openalex.org/W2069610894,397,41,11
10.1111/j.1748-1716.1985.tb07612.x,https://openalex.org/W1976230995,392,33,5
10.1016/j.conb.2009.10.011,https://openalex.org/W2002015872,391,122,21
10.1016/s0079-6123(08)60803-1,https://openalex.org/W1675839706,389,73,5
10.1002/cphy.cp120105,https://openalex.org/W1735741754,386,351,64
10.1523/jneurosci.15-07-04943.1995,https://openalex.org/W1953111155,382,31,2
10.1113/jphysiol.1958.sp006101,https://openalex.org/W2097541219,381,21,3
10.5772/7789,https://openalex.org/W2098969453,377,21,0
10.1152/jn.1993.70.3.1009,https://openalex.org/W2474121502,372,0,0
10.1016/j.neuron.2008.08.009,https://openalex.org/W2034951262,366,61,14
10.3389/fncel.2014.00293,https://openalex.org/W2087274355,366,238,3
10.1016/s0079-6123(03)43012-4,https://openalex.org/W1559505189,364,54,19
10.1111/j.1748-1716.1980.tb06534.x,https://openalex.org/W2082605003,359,31,9
10.1016/j.neuron.2008.09.027,https://openalex.org/W1995488673,358,69,16
10.1152/japplphysiol.00942.2003,https://openalex.org/W2122715731,358,118,31
10.1007/s004220000211,https://openalex.org/W2029517350,355,0,0
10.1038/nature05733,https://openalex.org/W2158138986,354,29,0
10.1113/jphysiol.2004.076307,https://openalex.org/W1497688683,343,60,3
10.1113/jphysiol.1964.sp007476,https://openalex.org/W2019724270,339,13,2
10.1016/s0966-6362(99)00052-1,https://openalex.org/W2103222398,334,54,13
10.1016/j.neucom.2016.05.004,https://openalex.org/W2385633827,332,49,1
10.1016/j.neuron.2012.05.011,https://openalex.org/W2001784063,329,117,16
10.1007/s00221-003-1674-3,https://openalex.org/W2148820543,328,34,0
10.1016/0006-8993(77)90710-7,https://openalex.org/W2014061840,326,39,7
10.1093/icb/icm024,https://openalex.org/W2049855535,326,182,16
10.1152/jn.01142.2006,https://openalex.org/W2087399203,323,42,3
10.1016/j.brainresbull.2007.03.010,https://openalex.org/W2075299328,322,448,56
10.1152/physrev.2001.81.2.539,https://openalex.org/W2157108014,322,340,30
10.1152/jn.00412.2001,https://openalex.org/W1820338024,320,11,1
10.1007/bf00290514,https://openalex.org/W1983740006,317,8,0
10.1007/s00422-006-0082-8,https://openalex.org/W1969456244,316,164,3
10.1007/bf00231254,https://openalex.org/W2043362413,312,43,12
10.1111/j.1469-7793.2000.00817.x,https://openalex.org/W2026055416,312,46,10
10.1016/j.cub.2016.06.070,https://openalex.org/W2533765953,310,217,12
10.1152/jn.00960.2009,https://openalex.org/W2168741747,307,81,11
10.1152/jn.00669.2013,https://openalex.org/W2036934252,306,43,8
10.1007/bf00235013,https://openalex.org/W2007769909,304,17,2
10.1111/j.1748-1716.1983.tb07267.x,https://openalex.org/W2006008614,304,36,15
10.1073/pnas.1419045111,https://openalex.org/W2136465646,303,101,44
10.1007/bf00228410,https://openalex.org/W1999560196,302,42,20
10.1109/tnnls.2013.2280596,https://openalex.org/W2046127725,300,165,15
10.1152/jn.1976.39.5.1090,https://openalex.org/W2472109575,300,13,1
10.1007/s004220050527,https://openalex.org/W2013696376,297,18,0
10.1016/j.neulet.2004.11.071,https://openalex.org/W2115393730,295,21,1
10.1113/jphysiol.1971.sp009487,https://openalex.org/W1981030777,292,22,3
10.1111/j.1749-6632.1998.tb09040.x,https://openalex.org/W1998584917,291,33,5
10.1152/jn.1994.71.6.2074,https://openalex.org/W2466671176,285,24,10
10.1242/jeb.042572,https://openalex.org/W2125575549,282,42,2
10.1113/jphysiol.2014.273581,https://openalex.org/W1514261135,281,42,1
10.7554/elife.00231,https://openalex.org/W2115203443,281,66,9
10.1152/jn.1997.77.6.3311,https://openalex.org/W2169047134,280,31,7
10.1111/j.1748-1716.1980.tb06533.x,https://openalex.org/W1975183367,278,39,12
10.1152/jn.1996.75.3.1126,https://openalex.org/W2155180319,276,37,19
10.1523/jneurosci.5894-08.2010,https://openalex.org/W2073046238,276,186,20
10.1113/jphysiol.1995.sp020871,https://openalex.org/W2018959254,274,17,9
10.1126/science.1181936,https://openalex.org/W2048756013,273,18,1
10.1177/0278364914532150,https://openalex.org/W1978102433,270,62,6
10.1523/jneurosci.1206-09.2009,https://openalex.org/W2032725699,269,49,9
10.1016/0301-0082(96)00028-7,https://openalex.org/W1979766464,266,269,56
10.1177/0278364912452762,https://openalex.org/W2162109810,265,47,1
10.1002/cphy.cp120103,https://openalex.org/W1878589647,264,332,22
10.1088/1741-2560/2/3/s07,https://openalex.org/W2128118213,263,27,1
10.1088/1741-2560/13/1/016001,https://openalex.org/W2286606309,263,50,0
10.1242/jeb.202.23.3397,https://openalex.org/W2159779776,261,37,3
10.1016/j.conb.2010.09.004,https://openalex.org/W2074071999,260,78,22
10.1007/s004220000196,https://openalex.org/W2093686814,258,0,0
10.1016/0006-8993(75)90401-1,https://openalex.org/W2049230750,258,17,2
10.1093/icb/42.1.149,https://openalex.org/W2126341869,258,52,9
10.1038/nn.2482,https://openalex.org/W2068467384,257,50,9
10.1146/annurev.physiol.62.1.723,https://openalex.org/W2120261865,257,193,22
10.1242/jeb.198.11.2293,https://openalex.org/W2144814097,257,30,2
10.1002/cne.20711,https://openalex.org/W2075444384,256,74,3
10.1016/j.brainresrev.2009.08.002,https://openalex.org/W1985559627,256,130,36
10.1016/0167-9457(94)00048-j,https://openalex.org/W2013822558,255,92,1
10.1098/rspb.2003.2454,https://openalex.org/W1981932940,254,50,9
10.1111/j.1469-7793.2001.0041b.x,https://openalex.org/W2155213171,252,62,37
10.1016/0006-8993(80)90207-3,https://openalex.org/W2020910495,250,54,12
10.1016/j.neucom.2005.03.006,https://openalex.org/W1966624173,250,50,1
10.1038/nn.4077,https://openalex.org/W1096877704,248,50,0
10.1109/memb.2003.1195695,https://openalex.org/W2007423642,248,14,0
10.1007/bf00227344,https://openalex.org/W2171759509,247,22,7
10.1016/j.neuron.2014.02.013,https://openalex.org/W2080030366,246,68,15
10.3389/fneur.2012.00183,https://openalex.org/W2119133891,246,214,32
10.1038/nn1986,https://openalex.org/W2120168261,243,53,7
10.1162/08997660152002861,https://openalex.org/W2153487752,242,28,0
10.1016/s0165-0173(98)00002-2,https://openalex.org/W1503945108,241,68,3
10.1016/s0165-0173(98)00006-x,https://openalex.org/W2145384795,241,121,12
10.1152/jn.1991.66.6.1874,https://openalex.org/W2334963168,240,0,0
10.1016/j.neuron.2013.08.015,https://openalex.org/W2061314910,239,45,19
10.1113/jphysiol.1993.sp019498,https://openalex.org/W2069091115,239,31,5
10.1142/9789814415958_0062,https://openalex.org/W4250087872,239,5,0
10.1016/j.conb.2011.05.011,https://openalex.org/W2093601288,238,54,6
10.1152/jn.00216.2005,https://openalex.org/W2091280544,237,34,14
10.1007/bf00227094,https://openalex.org/W1997500899,236,31,6
10.1113/jphysiol.1987.sp016676,https://openalex.org/W2145653840,236,48,12
10.1016/0166-2236(92)90006-t,https://openalex.org/W2056394399,235,25,0
10.1016/0301-0082(86)90021-3,https://openalex.org/W2037428536,234,426,24
10.1016/j.neucom.2007.12.020,https://openalex.org/W1987299193,232,75,1
10.1093/brain/119.6.1809,https://openalex.org/W2061641821,231,0,0
10.1093/icb/36.6.678,https://openalex.org/W2026853446,229,15,1
10.1113/jphysiol.2006.118711,https://openalex.org/W2149784701,229,49,40
10.1152/jappl.1983.55.6.1647,https://openalex.org/W2167793278,229,0,0
10.1016/s0896-6273(03)00353-2,https://openalex.org/W2082170249,228,55,5
10.1523/jneurosci.5692-07.2008,https://openalex.org/W2077739433,228,65,13
10.1016/s0966-6362(98)00010-1,https://openalex.org/W2106332413,226,91,34
10.1109/jmems.2007.902436,https://openalex.org/W2052743204,226,43,1
10.1126/science.8332898,https://openalex.org/W2072168817,226,17,0
10.1016/0166-2236(95)94494-p,https://openalex.org/W2098277672,225,26,0
10.1152/jn.00615.2004,https://openalex.org/W2139079436,225,65,32
10.1152/jn.1980.44.5.1024,https://openalex.org/W2303850821,224,0,0
10.1162/08997660360675053,https://openalex.org/W2119899403,224,43,3
10.1016/0006-8993(72)90007-8,https://openalex.org/W2026014826,223,44,3
10.1109/jra.1985.1087012,https://openalex.org/W2020342163,221,24,0
10.1016/j.conb.2015.01.011,https://openalex.org/W1964169670,220,59,2
10.1152/jn.1987.57.1.56,https://openalex.org/W2340754523,220,0,0
10.1152/jn.00496.2003,https://openalex.org/W1966178566,216,61,26
10.1152/jn.00868.2005,https://openalex.org/W2124834326,215,77,7
10.1109/tbme.1974.324294,https://openalex.org/W2134619701,214,8,1
10.1152/jn.00065.2005,https://openalex.org/W2037050168,214,39,28
10.1177/0278364907084980,https://openalex.org/W2051620263,214,42,3
10.1016/0921-8890(96)00003-6,https://openalex.org/W1971017172,213,20,2
10.1016/s0165-0173(99)00008-9,https://openalex.org/W2009740879,213,197,29
10.1145/245108.245118,https://openalex.org/W2061934921,213,11,4
10.1242/jeb.198.2.435,https://openalex.org/W2165007430,213,75,5
10.1111/j.1748-1716.1984.tb07400.x,https://openalex.org/W2085214578,212,38,12
10.1038/nature10538,https://openalex.org/W1981426699,211,65,19
10.3389/fnagi.2014.00028,https://openalex.org/W1994382228,209,163,2
10.1007/s004220000181,https://openalex.org/W2005295908,208,0,0
10.1016/j.jtbi.2012.06.019,https://openalex.org/W2029742160,208,64,4
10.1016/j.humov.2007.01.005,https://openalex.org/W2029798526,207,63,8
10.1016/j.neures.2015.12.002,https://openalex.org/W2216509810,207,111,18
10.1038/416174a,https://openalex.org/W2002972805,205,32,2
10.1177/1073858417699790,https://openalex.org/W2602737239,203,78,35
10.1152/jn.1990.63.6.1297,https://openalex.org/W1942759249,201,0,0
10.1007/bf00241961,https://openalex.org/W2086265687,200,25,16
10.1126/scirobotics.abb2174,https://openalex.org/W3111294788,199,51,0
10.1016/j.brainresrev.2007.06.014,https://openalex.org/W2113386433,198,40,33
10.1113/jphysiol.1964.sp007477,https://openalex.org/W2035062891,198,13,2
10.1152/physiol.00034.2015,https://openalex.org/W2277832626,198,159,0
10.1016/j.brainresrev.2007.07.016,https://openalex.org/W2078807031,197,94,4
10.1111/j.1469-7793.2000.00389.x,https://openalex.org/W1971990035,196,50,23
10.1016/s0166-2236(02)02173-2,https://openalex.org/W2069308336,195,84,21
10.1111/j.1748-1716.1981.tb06867.x,https://openalex.org/W2137825350,195,31,14
10.1523/eneuro.0069-15.2015,https://openalex.org/W2286435172,195,96,41
10.1007/pl00007977,https://openalex.org/W2061227856,192,0,0
10.1016/j.asd.2004.06.003,https://openalex.org/W2002560324,192,115,8
10.1152/jn.00071.2018,https://openalex.org/W2802939524,191,155,8
10.1098/rsif.2012.0669,https://openalex.org/W2171073614,189,47,8
10.1073/pnas.1304365110,https://openalex.org/W2167390514,188,58,23
10.1152/jn.1998.79.4.1687,https://openalex.org/W2200746124,188,71,22
10.1109/72.392256,https://openalex.org/W2150029220,186,47,2
10.1152/jn.00856.2004,https://openalex.org/W2134234114,186,70,9
10.1152/jn.00978.2016,https://openalex.org/W2605689714,186,225,56
10.1152/jn.1999.81.2.758,https://openalex.org/W2428009260,186,26,12
10.1093/brain/awu372,https://openalex.org/W2120815846,184,69,22
10.3389/neuro.10.009.2009,https://openalex.org/W2023913445,184,77,2
10.1111/j.1469-7793.1998.293bu.x,https://openalex.org/W2103458434,183,32,3
10.1016/s0966-6362(99)00013-2,https://openalex.org/W1994930156,182,36,1
10.1152/jn.00479.2001,https://openalex.org/W1904955064,182,83,26
10.1523/jneurosci.21-14-05374.2001,https://openalex.org/W2113576281,182,30,1
10.1016/j.asoc.2006.01.003,https://openalex.org/W2007141058,181,44,0
10.1016/j.brainresrev.2007.06.022,https://openalex.org/W2055592109,181,72,9
10.1523/jneurosci.1437-08.2008,https://openalex.org/W2029036884,181,79,8
10.1007/bf00230939,https://openalex.org/W2017516920,180,17,5
10.1007/s10514-007-9071-6,https://openalex.org/W1999272004,180,31,1
10.1242/jeb.078139,https://openalex.org/W2136120438,180,58,6
10.1007/bf00229407,https://openalex.org/W2141974690,179,62,15
10.1113/jphysiol.1982.sp014319,https://openalex.org/W1980379278,178,25,6
10.1007/s00422-008-0257-6,https://openalex.org/W2012701167,177,55,1
10.1098/rsfs.2016.0092,https://openalex.org/W2562064557,177,22,0
10.1113/jphysiol.2004.062398,https://openalex.org/W2129994037,176,34,0
10.1152/jn.1997.77.6.3226,https://openalex.org/W2097511884,176,47,12
10.1152/jn.00658.2017,https://openalex.org/W2766255495,175,150,26
10.1007/bf00235825,https://openalex.org/W2070597621,174,48,13
10.1016/j.eswa.2008.01.061,https://openalex.org/W2044459470,174,29,1
10.1523/jneurosci.15-01-00342.1995,https://openalex.org/W2135091797,172,53,2
10.1016/0021-9290(86)90196-x,https://openalex.org/W2039703906,171,47,0
10.1111/j.1469-7793.1998.277bu.x,https://openalex.org/W2072002431,171,29,7
10.1016/j.asd.2004.05.004,https://openalex.org/W2023064587,170,87,13
10.1113/jphysiol.1977.sp011840,https://openalex.org/W2058865321,170,8,2
10.1007/978-1-4757-0964-3_21,https://openalex.org/W2492299531,168,40,6
10.1007/s10827-010-0291-y,https://openalex.org/W1983036140,168,48,5
10.1038/s41598-018-21018-4,https://openalex.org/W2805130537,168,101,10
10.1113/jphysiol.1995.sp020897,https://openalex.org/W2022437069,168,32,18
10.1152/jn.2001.86.1.447,https://openalex.org/W2399420755,168,57,21
10.1152/jn.1997.77.6.3237,https://openalex.org/W2164723986,168,83,11
10.1523/jneurosci.4186-05.2006,https://openalex.org/W2091565997,167,65,0
10.1152/jn.1977.40.4.737,https://openalex.org/W2196314719,166,0,0
10.1152/jn.90958.2008,https://openalex.org/W2145184960,166,72,3
10.1016/j.asd.2004.05.001,https://openalex.org/W2006207808,165,73,8
10.1093/icb/38.4.771,https://openalex.org/W2105621884,164,61,4
10.1152/jn.00497.2003,https://openalex.org/W4248489947,164,26,13
10.1162/neco.2008.12-07-680,https://openalex.org/W2150447451,164,36,2
10.1523/jneurosci.4849-09.2010,https://openalex.org/W2055458218,164,51,9
10.1016/j.brainresrev.2007.06.028,https://openalex.org/W2007560803,163,95,20
10.1038/srep32955,https://openalex.org/W2520399426,159,51,1
10.1007/s002210050522,https://openalex.org/W2126918678,158,41,13
10.1113/jphysiol.1977.sp011864,https://openalex.org/W2103127878,158,46,5
10.1113/jphysiol.1979.sp012645,https://openalex.org/W2017275297,158,17,4
10.1152/japplphysiol.00393.2004,https://openalex.org/W2139114957,158,45,2
10.1152/jn.00950.2009,https://openalex.org/W2114010055,158,87,0
10.7554/elife.04718,https://openalex.org/W2193936862,157,83,29
10.1016/j.clinbiomech.2003.09.003,https://openalex.org/W2104438761,156,37,0
10.1111/j.1748-1716.2006.01651.x,https://openalex.org/W2017402562,155,81,30
10.1242/jeb.182.1.191,https://openalex.org/W2147159867,155,21,0
10.1523/jneurosci.0426-09.2009,https://openalex.org/W2023512999,155,49,1
10.3109/17453678608993213,https://openalex.org/W2013056443,155,24,0
10.3389/fphys.2018.00784,https://openalex.org/W2811275898,155,362,85
10.1016/j.pneurobio.2006.04.001,https://openalex.org/W2060807766,154,186,27
10.1098/rstb.1999.0441,https://openalex.org/W1972697076,154,37,2
10.1016/j.brainresrev.2007.06.025,https://openalex.org/W2009740307,153,125,31
10.1016/0006-8993(75)90974-9,https://openalex.org/W2014729386,152,30,3
10.1016/j.asd.2004.05.002,https://openalex.org/W1975840128,150,46,7
10.1113/jphysiol.1981.sp013556,https://openalex.org/W2044532655,148,36,2
10.7554/elife.31050,https://openalex.org/W2770429290,147,101,43
10.1523/jneurosci.3338-09.2009,https://openalex.org/W2056290204,146,134,11
10.1007/s002210050847,https://openalex.org/W2082485258,145,57,17
10.1016/j.neuron.2013.02.007,https://openalex.org/W2023276512,145,85,10
10.1016/s0079-6123(06)57016-5,https://openalex.org/W1962249519,145,283,33
10.1007/bf00337367,https://openalex.org/W2035902012,142,12,1
10.1109/memb.2003.1195698,https://openalex.org/W2070838887,142,15,3
10.1007/bf00239728,https://openalex.org/W2000013699,141,17,6
10.3389/fnhum.2014.00371,https://openalex.org/W1967798839,141,35,5
10.1111/j.1749-6632.1998.tb09050.x,https://openalex.org/W2101864862,140,31,21
10.1113/jphysiol.2012.240895,https://openalex.org/W2142548630,140,71,39
10.1146/annurev-neuro-082321-025137,https://openalex.org/W4205125105,140,151,19
10.1016/0959-4388(94)90139-2,https://openalex.org/W2002316126,139,102,20
10.1073/pnas.1611734114,https://openalex.org/W2416532995,139,41,0
10.1109/plans.1998.670207,https://openalex.org/W2141300793,138,7,0
10.1007/bf00337116,https://openalex.org/W1725666586,137,20,2
10.1103/physreve.73.031907,https://openalex.org/W2119336047,137,13,1
10.1016/b978-0-08-026814-9.50025-9,https://openalex.org/W170956600,136,41,10
10.1016/s0361-9230(00)00399-3,https://openalex.org/W2059695385,136,67,6
10.1103/physreve.60.2086,https://openalex.org/W1990321067,136,30,0
10.1016/s0166-2236(03)00073-0,https://openalex.org/W1980926246,135,77,12
10.1113/jp272787,https://openalex.org/W2519214224,135,101,45
10.1523/jneurosci.22-22-09961.2002,https://openalex.org/W2150681916,135,45,4
10.1007/11550822_11,https://openalex.org/W1556929283,134,11,0
10.1007/s10827-008-0124-4,https://openalex.org/W2145648903,134,45,11
10.1007/s00422-003-0449-z,https://openalex.org/W2143289029,133,36,12
10.1016/0006-8993(78)90493-6,https://openalex.org/W2072985771,132,8,3
10.1016/j.brainresrev.2007.06.017,https://openalex.org/W2084812000,132,56,2
10.1016/j.tins.2006.08.007,https://openalex.org/W2140497618,132,67,27
10.1016/j.pneurobio.2004.04.003,https://openalex.org/W2097678807,132,225,29
10.1523/jneurosci.1618-07.2007,https://openalex.org/W1975579640,132,62,11
10.1007/s00422-001-0300-3,https://openalex.org/W2040499411,131,22,1
10.1023/a:1008920021246,https://openalex.org/W1553786746,130,49,3
10.1152/jn.1999.82.1.290,https://openalex.org/W1758809234,130,61,3
10.1302/0301-620x.97b4.34638,https://openalex.org/W2252659729,129,37,0
10.1016/j.cub.2011.05.029,https://openalex.org/W2033714640,128,168,23
10.1016/s0079-6123(06)65015-2,https://openalex.org/W1532921825,128,78,37
10.1113/jphysiol.1983.sp014663,https://openalex.org/W2026917580,128,27,4
10.1007/bf00604049,https://openalex.org/W2000296306,127,42,0
10.1016/0006-8993(93)90903-z,https://openalex.org/W1981746040,127,30,8
10.1152/jn.00991.2004,https://openalex.org/W2185623027,127,46,20
10.1016/j.arcontrol.2010.08.001,https://openalex.org/W1990630142,126,138,8
10.1007/bf00228156,https://openalex.org/W2045705935,125,13,3
10.1098/rstb.2006.1889,https://openalex.org/W2109398572,125,220,41
10.1109/memsys.2000.838573,https://openalex.org/W1825407633,125,4,0
10.1152/jn.2000.84.5.2709,https://openalex.org/W1829502189,125,17,6
10.1109/jra.1986.1087060,https://openalex.org/W2108816955,124,10,0
10.1152/jn.1980.44.3.475,https://openalex.org/W2409197843,124,0,0
10.1093/brain/awh252,https://openalex.org/W2133149447,123,65,23
10.1152/jn.1983.49.4.989,https://openalex.org/W1936602813,122,0,0
10.1371/journal.pone.0207659,https://openalex.org/W2902148761,122,29,1
10.1162/neco.1992.4.3.356,https://openalex.org/W2020528988,121,17,1
10.1007/s002210100775,https://openalex.org/W2151990800,120,33,0
10.1113/jp270121,https://openalex.org/W2127608059,120,52,30
10.1515/revneuro-2017-0102,https://openalex.org/W2904012664,120,623,94
10.1134/s1560354707050048,https://openalex.org/W2071853141,119,47,2
10.1109/icra.2016.7487538,https://openalex.org/W2415458238,118,31,0
10.1152/jn.1990.64.3.756,https://openalex.org/W1799753769,118,56,11
10.1523/jneurosci.3155-08.2009,https://openalex.org/W2090388215,118,56,10
10.3389/fncom.2013.00019,https://openalex.org/W2063170512,118,83,9
10.1152/jn.01300.2004,https://openalex.org/W2133970449,117,66,31
10.1177/1073858410396101,https://openalex.org/W1979026904,117,90,32
10.1523/jneurosci.2005-13.2013,https://openalex.org/W2047303975,117,48,10
10.3389/fnbot.2017.00039,https://openalex.org/W2749701166,117,168,27
10.1152/jn.90895.2008,https://openalex.org/W2169763427,116,74,21
10.1007/s00221-003-1812-y,https://openalex.org/W2077678057,115,47,0
10.1126/scirobotics.abg4055,https://openalex.org/W4220868119,114,123,5
10.1088/1748-3182/7/3/036006,https://openalex.org/W2084226787,113,32,0
10.1007/bf00237937,https://openalex.org/W2037080969,112,15,7
10.1109/tcsi.2013.2286030,https://openalex.org/W2037748403,112,32,3
10.1113/jphysiol.2007.130088,https://openalex.org/W2154088722,112,28,12
10.1152/jn.00325.2004,https://openalex.org/W2106064561,112,33,20
10.1152/jn.01271.2003,https://openalex.org/W1963741618,112,55,10
10.1152/jn.01272.2007,https://openalex.org/W1991524960,112,50,5
10.1007/978-1-4615-0713-0_40,https://openalex.org/W2215040991,111,55,30
10.1111/j.1749-6632.2010.05435.x,https://openalex.org/W2127110152,110,47,25
10.1002/cphy.c170036,https://openalex.org/W4210985909,109,180,4
10.1007/s004220000180,https://openalex.org/W1975624800,109,0,0
10.1016/j.clinph.2010.01.039,https://openalex.org/W1996229629,109,261,69
10.1152/jn.00773.2003,https://openalex.org/W2161288147,109,57,2
10.1016/j.apmr.2007.11.017,https://openalex.org/W2068471744,108,42,1
10.1016/j.amc.2018.10.087,https://openalex.org/W2902075800,108,72,5
10.1152/jn.1989.62.5.1177,https://openalex.org/W2438937308,108,0,0
10.1007/s00285-006-0021-2,https://openalex.org/W2140297648,107,62,6
10.1152/jn.2001.86.3.1321,https://openalex.org/W1895590810,107,19,12
10.1007/bf00235875,https://openalex.org/W2616362470,106,28,11
10.1109/tbme.2009.2031874,https://openalex.org/W2140178559,106,27,4
10.1111/j.1749-6632.1998.tb09061.x,https://openalex.org/W2006714681,106,22,5
10.1152/jn.2000.83.5.2814,https://openalex.org/W2267725143,106,44,5
10.1523/jneurosci.1829-17.2017,https://openalex.org/W2776689090,106,87,20
10.1177/0278364903022003003,https://openalex.org/W2049377006,105,44,5
10.1016/j.jneumeth.2010.01.005,https://openalex.org/W2093435740,104,38,10
10.1371/journal.pone.0059993,https://openalex.org/W4211253905,102,56,3
10.1007/s00422-006-0129-x,https://openalex.org/W2116712719,101,194,87
10.1016/s0966-6362(01)00175-8,https://openalex.org/W1974106501,101,54,0
10.1109/86.750556,https://openalex.org/W2096812348,101,38,2
10.1113/jphysiol.1996.sp021538,https://openalex.org/W2146794131,100,26,12
10.1152/jn.00216.2017,https://openalex.org/W2773217643,100,148,40
10.1016/j.paerosci.2013.12.003,https://openalex.org/W1972666877,99,58,1
10.1016/s0074-7742(05)69005-8,https://openalex.org/W333344667,99,134,0
10.1111/j.1749-6632.1998.tb09039.x,https://openalex.org/W2106150875,99,31,14
10.1177/1073858409346339,https://openalex.org/W1996362085,99,93,11
10.1002/cphy.c210020,https://openalex.org/W4200399668,98,896,186
10.1007/s00422-005-0047-3,https://openalex.org/W2049471328,98,35,6
10.1007/bf00236206,https://openalex.org/W2075367659,98,31,3
10.1016/j.neuron.2011.07.011,https://openalex.org/W2021282412,98,57,14
10.1152/jn.1998.79.4.1702,https://openalex.org/W4245017765,98,30,12
10.1002/cphy.c100086,https://openalex.org/W2115162941,97,203,38
10.1016/b978-0-444-53613-6.00014-9,https://openalex.org/W1498291975,97,38,3
10.1152/jn.1991.66.3.919,https://openalex.org/W2407954654,97,0,0
10.1523/jneurosci.20-22-08577.2000,https://openalex.org/W1941846571,97,60,13
10.1016/j.paerosci.2014.06.002,https://openalex.org/W2083357910,96,124,6
10.1016/s0959-4388(98)80121-9,https://openalex.org/W2025793624,96,63,4
10.1371/journal.pone.0214434,https://openalex.org/W2939798781,96,89,1
10.1111/j.1460-9568.2010.07354.x,https://openalex.org/W2147690681,95,128,22
10.1152/jn.1999.81.4.1856,https://openalex.org/W2265032157,95,51,11
10.1103/physrevlett.74.4075,https://openalex.org/W1624776017,93,18,0
10.1007/s11071-011-0046-y,https://openalex.org/W2152707060,92,80,2
10.1016/j.celrep.2018.01.009,https://openalex.org/W2786493955,92,66,4
10.1038/ncomms1276,https://openalex.org/W2050825329,92,46,11
10.1139/y04-043,https://openalex.org/W2109481218,92,61,32
10.1016/j.celrep.2018.08.095,https://openalex.org/W2895381724,91,64,22
10.1177/0278364904047389,https://openalex.org/W2000291657,91,49,3
10.1242/jeb.056481,https://openalex.org/W2118812444,91,53,5
10.1016/j.cois.2015.07.004,https://openalex.org/W1648369341,90,91,16
10.1109/iros.2006.281802,https://openalex.org/W2138373683,90,18,1
10.3389/fncom.2013.00014,https://openalex.org/W1982580850,89,122,41
10.1016/0021-9290(88)90248-5,https://openalex.org/W2011024659,88,47,0
10.1016/s0006-8993(96)00977-8,https://openalex.org/W1972125409,88,27,10
10.1113/jphysiol.1988.sp017281,https://openalex.org/W2103103180,88,28,1
10.1152/jn.01145.2015,https://openalex.org/W2340417007,88,52,11
10.2522/ptj.20110206,https://openalex.org/W2172297011,88,40,0
10.1016/b978-0-444-53613-6.00006-x,https://openalex.org/W1941953147,87,123,34
10.1088/1748-3190/10/4/041001,https://openalex.org/W1549313501,87,392,66
10.1088/1748-3190/ac3ca5,https://openalex.org/W3217725174,87,232,4
10.1152/jn.00511.2005,https://openalex.org/W1994097308,86,32,25
10.1152/jn.00916.2009,https://openalex.org/W2024621775,86,43,7
10.1371/journal.pone.0138919,https://openalex.org/W2194425420,86,39,2
10.1242/jeb.245784,https://openalex.org/W4385751984,85,191,42
10.1007/978-0-387-77064-2_6,https://openalex.org/W78653950,84,144,3
10.1007/s00221-005-0325-2,https://openalex.org/W1977745889,84,47,0
10.1103/physreve.72.021911,https://openalex.org/W2071250994,84,39,1
10.1177/105971239300100404,https://openalex.org/W2017648441,84,27,2
10.3389/fncel.2019.00512,https://openalex.org/W2984132113,84,179,29
10.1111/j.1469-7793.2000.00639.x,https://openalex.org/W2095276281,83,45,9
10.1523/jneurosci.1654-20.2020,https://openalex.org/W3121247532,83,149,29
10.1007/bf00229406,https://openalex.org/W3198263178,82,22,3
10.1016/0006-8993(90)90334-8,https://openalex.org/W2032957079,82,57,6
10.1152/jn.00551.2015,https://openalex.org/W2271450762,82,58,3
10.1002/cnm.2485,https://openalex.org/W1549689122,81,100,13
10.1016/j.conb.2015.03.001,https://openalex.org/W2013166533,81,65,21
10.1016/j.ins.2015.11.017,https://openalex.org/W2176091123,81,39,1
10.1109/tsmc.2012.2235426,https://openalex.org/W2042204524,81,35,3
10.1641/0006-3568(2000)050[0023:iwabar]2.3.co;2,https://openalex.org/W2135268036,81,37,7
10.1152/jn.00550.2017,https://openalex.org/W2764257870,80,70,39
10.1016/0006-8993(78)90363-3,https://openalex.org/W1976915307,79,8,1
10.1113/jp277515,https://openalex.org/W2900493819,79,84,14
10.1152/jn.00020.2021,https://openalex.org/W3206103967,79,186,29
10.1152/jn.00833.2002,https://openalex.org/W2046363790,79,68,11
10.1152/jn.1993.69.6.2232,https://openalex.org/W2470397711,79,0,0
10.1007/s00221-009-2054-4,https://openalex.org/W2029147509,78,257,2
10.1007/s11071-016-2647-y,https://openalex.org/W2285007172,78,38,5
10.1145/3290605.3300905,https://openalex.org/W2940596907,78,45,0
10.1186/1471-2474-14-104,https://openalex.org/W2086265339,78,37,0
10.1080/02640414.2010.507252,https://openalex.org/W2088383474,77,37,2
10.1109/biorob.2006.1639162,https://openalex.org/W2120166307,77,19,1
10.1152/jn.00865.2011,https://openalex.org/W2110252881,77,75,30
10.1152/jn.00909.2004,https://openalex.org/W2133240073,77,53,11
10.1249/jes.0000000000000233,https://openalex.org/W3042304855,77,69,0
10.1523/jneurosci.3931-12.2013,https://openalex.org/W2084980163,77,46,22
10.3389/fneur.2011.00057,https://openalex.org/W2058378061,77,61,6
10.3390/ijms22115882,https://openalex.org/W3164037707,77,56,29
10.1007/s10514-009-9172-5,https://openalex.org/W1996828753,75,48,8
10.1152/jn.00175.2005,https://openalex.org/W2032624805,75,24,13
10.1152/jn.01054.2007,https://openalex.org/W1986168208,75,92,10
10.1152/jn.1993.70.3.1102,https://openalex.org/W2416698490,75,0,0
10.1523/jneurosci.07-12-03945.1987,https://openalex.org/W1558997170,74,16,0
10.1016/s0065-2806(07)34004-6,https://openalex.org/W1555716241,73,157,22
10.1088/1748-3182/7/4/046010,https://openalex.org/W1980973109,73,37,2
10.1016/j.cell.2015.06.036,https://openalex.org/W1502748593,72,56,19
10.1109/aim.2013.6584102,https://openalex.org/W2078246783,72,40,6
10.1007/s00221-007-0938-8,https://openalex.org/W2050605088,71,47,7
10.1007/s11517-009-0477-5,https://openalex.org/W2075089431,71,28,6
10.1109/tbcas.2008.2001867,https://openalex.org/W2170614461,71,63,12
10.1113/jphysiol.2004.076034,https://openalex.org/W2145253719,70,41,21
10.1152/jn.90729.2008,https://openalex.org/W1974785638,70,68,16
10.1007/978-1-4939-3267-2_2,https://openalex.org/W2402403182,69,111,65
10.1016/j.paerosci.2014.06.001,https://openalex.org/W2031321282,69,97,3
10.1080/01691864.2016.1252690,https://openalex.org/W2560608900,69,212,11
10.1098/rsfs.2016.0076,https://openalex.org/W2561049217,69,53,0
10.1007/s00422-013-0573-3,https://openalex.org/W2042314925,68,56,12
10.1016/j.humov.2014.07.004,https://openalex.org/W2028993729,68,81,14
10.1113/jphysiol.2009.176669,https://openalex.org/W2138851916,68,35,13
10.1113/jphysiol.2005.095505,https://openalex.org/W2143869343,67,41,31
10.1111/j.1469-7793.1998.621bb.x,https://openalex.org/W1964382389,66,39,5
10.1111/j.1469-7793.2000.t01-1-00549.x,https://openalex.org/W2056636841,65,55,28
10.1113/jp272740,https://openalex.org/W2489957719,64,47,24
10.1152/jn.00497.2017,https://openalex.org/W2749935102,64,73,13
10.1242/jeb.065441,https://openalex.org/W2095731061,64,65,0
10.1523/jneurosci.5072-10.2011,https://openalex.org/W2017581972,64,23,0
10.1007/s004220050468,https://openalex.org/W1988725789,63,39,9
10.1016/j.jbiomech.2007.09.012,https://openalex.org/W2034134392,63,46,5
10.1371/journal.pcbi.1007804,https://openalex.org/W3017594186,63,158,24
10.1152/jn.00322.2017,https://openalex.org/W2753888333,62,232,64
10.1371/journal.pcbi.1002465,https://openalex.org/W1975079024,62,125,13
10.1002/rob.21626,https://openalex.org/W1938011084,61,29,4
10.1016/j.robot.2011.06.006,https://openalex.org/W2029407275,61,45,1
10.1016/j.neuroscience.2014.12.084,https://openalex.org/W2080662842,61,44,16
10.1089/soro.2015.0012,https://openalex.org/W2270090518,61,49,4
10.1152/japplphysiol.91189.2008,https://openalex.org/W2123604279,61,35,1
10.1152/jn.00718.2011,https://openalex.org/W2062365428,61,71,16
10.1152/jn.90918.2008,https://openalex.org/W2104865505,61,45,20
10.1016/j.cub.2012.04.057,https://openalex.org/W4255989982,60,12,0
10.1088/0964-1726/23/6/065011,https://openalex.org/W2012606532,60,19,0
10.1063/1.3143031,https://openalex.org/W2139765216,60,263,4
10.1113/jp277018,https://openalex.org/W2903465385,60,70,25
10.1152/jn.00863.2002,https://openalex.org/W2154184845,60,53,27
10.1113/ep089826,https://openalex.org/W3206958864,59,191,7
10.1113/jp272437,https://openalex.org/W2439130931,59,49,30
10.1146/annurev-neuro-083122-025325,https://openalex.org/W4322622077,58,169,35
10.1371/journal.pone.0144529,https://openalex.org/W2440590476,58,52,0
10.1007/s10514-015-9509-1,https://openalex.org/W2132089714,57,22,0
10.1016/s0925-2312(02)00832-9,https://openalex.org/W2115866269,57,22,8
10.1114/1.1433488,https://openalex.org/W1986253312,57,40,6
10.3389/fnbot.2011.00003,https://openalex.org/W2144088704,57,57,9
10.3389/fnbot.2017.00037,https://openalex.org/W2743573280,57,49,12
10.1111/j.1469-7793.1999.00691.x,https://openalex.org/W2102727091,56,56,9
10.7554/elife.73424,https://openalex.org/W4225247858,56,79,37
10.1007/bf00228795,https://openalex.org/W1996789949,55,52,6
10.1016/0304-3940(77)90187-2,https://openalex.org/W2075072522,55,9,1
10.1109/robot.1998.676348,https://openalex.org/W1872811556,54,18,4
10.1016/s0079-6123(06)65016-4,https://openalex.org/W1507199205,53,81,28
10.1152/jn.00419.2015,https://openalex.org/W2259177389,53,57,21
10.1152/jn.00250.2018,https://openalex.org/W2888657694,53,50,23
10.1152/jn.1994.71.1.229,https://openalex.org/W2462319068,53,0,0
10.1162/pres_a_00190,https://openalex.org/W1963700984,53,34,0
10.3182/20120823-5-nl-3013.00049,https://openalex.org/W2020499399,53,24,0
10.1007/s00221-009-1995-y,https://openalex.org/W2054130257,52,32,1
10.1007/s00422-017-0711-4,https://openalex.org/W2590435556,52,44,14
10.1016/j.ins.2014.05.001,https://openalex.org/W2111178261,52,74,5
10.1371/journal.pone.0126379,https://openalex.org/W294839702,52,53,4
10.1007/s00221-006-0451-5,https://openalex.org/W1984628736,51,38,13
10.1113/jphysiol.2010.195644,https://openalex.org/W2138330408,51,88,1
10.3390/s17051080,https://openalex.org/W2612306436,51,79,2
10.1007/bf00231657,https://openalex.org/W2006679284,50,35,14
10.1016/s1044-5765(05)80026-0,https://openalex.org/W2128945098,50,52,13
10.3389/fnbot.2017.00018,https://openalex.org/W2604433691,50,84,34
10.1007/s00359-014-0968-1,https://openalex.org/W1999104896,49,101,17
10.1007/s10827-008-0120-8,https://openalex.org/W2047207165,49,30,0
10.1016/j.jbiomech.2016.11.059,https://openalex.org/W2558577595,49,17,1
10.1016/j.robot.2018.10.002,https://openalex.org/W2898102003,49,72,14
10.1016/s0893-6080(99)00068-4,https://openalex.org/W2012864489,48,18,1
10.1152/jn.00524.2013,https://openalex.org/W2169178654,48,88,33
10.1152/jn.90338.2008,https://openalex.org/W2042023602,48,64,23
10.1152/jn.90436.2008,https://openalex.org/W1998837283,48,34,2
10.1523/jneurosci.5188-14.2015,https://openalex.org/W1485835488,48,44,5
10.1007/978-981-10-8297-9,https://openalex.org/W4250757151,47,8,0
10.1152/jn.00176.2005,https://openalex.org/W2049747725,47,33,13
10.1007/s00422-016-0704-8,https://openalex.org/W2563573812,46,96,7
10.1007/s00422-011-0446-6,https://openalex.org/W1987395380,46,147,31
10.1016/j.neuroscience.2022.10.009,https://openalex.org/W4306168946,46,75,4
10.3727/096368911x627598,https://openalex.org/W2328146792,46,39,0
10.1177/1054773811414180,https://openalex.org/W2146832460,45,17,0
10.1177/0278364917743320,https://openalex.org/W2791418965,45,79,11
10.1371/journal.pone.0054925,https://openalex.org/W1965499222,45,68,0
10.1523/jneurosci.3288-17.2018,https://openalex.org/W2789908914,45,75,21
10.1152/jn.00127.2016,https://openalex.org/W2501182170,44,38,4
10.1016/j.ast.2014.12.020,https://openalex.org/W2000345878,43,29,0
10.1088/1748-3190/10/2/025003,https://openalex.org/W2025443754,43,36,1
10.1152/jn.00265.2009,https://openalex.org/W2068105646,43,83,15
10.3389/fncom.2013.00083,https://openalex.org/W2165919804,43,119,22
10.3390/ijms22031467,https://openalex.org/W3127661488,43,155,40
10.1088/1748-3190/ab9e52,https://openalex.org/W3036737820,42,85,19
10.3929/ethz-a-6665065,https://openalex.org/W253703761,42,0,0
10.1016/b978-0-444-53825-3.00007-3,https://openalex.org/W181439764,41,90,39
10.1242/jeb.01500,https://openalex.org/W2131868577,41,27,2
10.2514/6.2013-1153,https://openalex.org/W2317913517,41,21,0
10.1016/s0079-6123(03)43011-2,https://openalex.org/W1538485117,40,25,2
10.1016/s0021-9290(01)00187-7,https://openalex.org/W2128382207,40,67,31
10.1109/iros.2014.6943257,https://openalex.org/W2052314623,40,23,0
10.1242/jeb.188748,https://openalex.org/W2925723920,40,89,13
10.3390/ijms22031394,https://openalex.org/W3127158969,40,101,32
10.1007/s10827-014-0519-3,https://openalex.org/W2142656730,39,99,9
10.1016/j.jphysparis.2012.06.001,https://openalex.org/W2010351718,39,37,2
10.1080/01691864.2022.2086018,https://openalex.org/W4283069285,39,136,2
10.1152/jn.90934.2008,https://openalex.org/W2042367063,39,33,4
10.1007/s10489-021-02275-9,https://openalex.org/W3160695845,38,140,2
10.1097/jes.0b013e3182724bb0,https://openalex.org/W2312307089,38,35,1
10.1152/jn.2002.87.5.2271,https://openalex.org/W2336047199,38,41,0
10.3389/fncir.2023.1146449,https://openalex.org/W4367053810,38,335,45
10.3389/fncom.2014.00027,https://openalex.org/W2167783371,38,70,6
10.1007/s00422-006-0112-6,https://openalex.org/W2045368698,37,56,12
10.1007/s00422-012-0543-1,https://openalex.org/W2086645385,37,117,14
10.1016/j.jinsphys.2009.10.007,https://openalex.org/W2077582497,37,37,0
10.1088/1748-3190/10/2/026001,https://openalex.org/W2079636899,37,68,4
10.1088/1748-3190/aada54,https://openalex.org/W2886359316,37,372,93
10.1152/jn.00891.2006,https://openalex.org/W1972010139,37,69,20
10.1152/jn.00602.2017,https://openalex.org/W2766131844,37,164,23
10.1242/jeb.067488,https://openalex.org/W2046467345,37,54,7
10.7554/elife.38215,https://openalex.org/W2798923554,37,78,5
10.1007/s10514-016-9593-x,https://openalex.org/W2496648954,36,39,1
10.1142/s0218127413300395,https://openalex.org/W2099140812,36,56,0
10.1523/jneurosci.0816-20.2020,https://openalex.org/W3108707268,36,89,28
10.1523/jneurosci.22-18-08259.2002,https://openalex.org/W2144390109,36,43,5
10.2174/1381612822666161214144655,https://openalex.org/W2582900285,36,171,40
10.1016/b978-0-444-53825-3.00015-2,https://openalex.org/W111640478,35,110,26
10.1016/j.asd.2015.07.001,https://openalex.org/W846657406,35,71,13
10.1016/j.neucom.2019.03.032,https://openalex.org/W2936345093,35,54,4
10.1038/s41467-023-36587-w,https://openalex.org/W4321107168,35,109,31
10.1016/s1095-6433(01)00461-5,https://openalex.org/W2032922942,35,43,2
10.1103/physrevx.6.011015,https://openalex.org/W1925758856,35,68,1
10.1113/jp274518,https://openalex.org/W2721445618,35,56,22
10.1523/jneurosci.5486-10.2011,https://openalex.org/W2060549368,35,65,13
10.1007/s11370-009-0049-4,https://openalex.org/W2081213294,34,28,2
10.1109/cdc.1990.203973,https://openalex.org/W2014439525,34,9,0
10.1113/jphysiol.2008.158105,https://openalex.org/W2165499537,34,72,3
10.1152/jn.01028.2009,https://openalex.org/W2048690171,34,48,31
10.1523/jneurosci.1082-18.2018,https://openalex.org/W2896597736,34,82,28
10.1260/1756-8293.7.4.441,https://openalex.org/W2265506824,34,6,0
10.1523/jneurosci.19-24-10966.1999,https://openalex.org/W1754927033,34,42,17
10.1016/j.jbiomech.2016.08.007,https://openalex.org/W2492889310,33,54,7
10.1039/c6mh00587j,https://openalex.org/W2586385419,33,51,1
10.1038/sc.1995.54,https://openalex.org/W1989478660,33,13,0
10.1088/1748-3190/11/4/046010,https://openalex.org/W2498897253,33,48,2
10.1113/jphysiol.2013.261115,https://openalex.org/W2153649474,33,71,34
10.1152/jn.00160.2014,https://openalex.org/W2016014744,33,44,11
10.1152/jn.00347.2019,https://openalex.org/W2989071828,33,199,24
10.1152/jn.01177.2006,https://openalex.org/W2037014012,33,59,27
10.1007/s005000000051,https://openalex.org/W2041820530,32,0,0
10.1016/0006-8993(93)91131-b,https://openalex.org/W1996202614,32,53,0
10.1088/1748-3182/5/4/045007,https://openalex.org/W2144853962,32,37,0
10.1007/s00422-020-00851-9,https://openalex.org/W3048436979,31,155,24
10.1007/s00422-020-00854-6,https://openalex.org/W3120158846,31,46,2
10.1038/s41598-018-35714-8,https://openalex.org/W2901138442,31,69,27
10.1523/jneurosci.3042-16.2017,https://openalex.org/W2604301674,31,70,26
10.1016/j.neucom.2020.05.127,https://openalex.org/W3123484130,30,61,6
10.1113/jphysiol.2005.091744,https://openalex.org/W1568832828,30,38,5
10.1152/jn.00310.2020,https://openalex.org/W3174821923,30,138,55
10.1016/j.cophys.2019.01.005,https://openalex.org/W2913234110,29,75,31
10.1016/j.isci.2023.106248,https://openalex.org/W4321460294,29,114,12
10.1007/978-3-540-74690-4_3,https://openalex.org/W1903866608,28,5,0
10.1016/s1672-6529(16)60374-8,https://openalex.org/W2562726385,28,50,1
10.1098/rstb.2009.0322,https://openalex.org/W2060909070,28,127,32
10.1109/mim.2004.1337909,https://openalex.org/W1537577120,28,32,0
10.2514/1.j051640,https://openalex.org/W2028415328,28,26,0
10.5772/59186,https://openalex.org/W2125738328,28,32,3
10.1109/cca.1996.558917,https://openalex.org/W1892497541,27,2,0
10.1115/1.2718237,https://openalex.org/W2057964765,27,35,0
10.1152/jn.01014.2006,https://openalex.org/W2156063246,27,41,1
10.1177/0278364905055381,https://openalex.org/W2083860240,27,47,9
10.1002/9781118873397.ch12,https://openalex.org/W2654090317,26,282,24
10.1016/j.neucom.2006.10.075,https://openalex.org/W1985117931,26,12,0
10.1093/pnasnexus/pgad298,https://openalex.org/W4387503282,26,56,7
10.1093/icb/icm065,https://openalex.org/W2098906827,26,107,28
10.1109/icara.2015.7081168,https://openalex.org/W2079170585,26,22,1
10.1109/tmech.2019.2917416,https://openalex.org/W2945022520,26,60,0
10.1109/tmech.2020.3019686,https://openalex.org/W3082800844,26,67,1
10.1152/jn.00204.2023,https://openalex.org/W4384663368,26,257,61
10.1152/jn.00888.2005,https://openalex.org/W2002272148,26,24,19
10.3389/fnins.2020.598888,https://openalex.org/W3093331001,26,68,37
10.1007/s11432-014-5148-y,https://openalex.org/W2048485798,25,42,2
10.1016/j.jbiomech.2015.04.024,https://openalex.org/W2049678966,25,49,1
10.1016/j.neuroscience.2020.05.008,https://openalex.org/W3025938483,25,86,43
10.1088/1748-3190/10/5/055004,https://openalex.org/W1428038289,25,36,22
10.1523/jneurosci.1737-09.2009,https://openalex.org/W1968389619,25,42,20
10.3389/fnins.2021.720542,https://openalex.org/W3184072428,25,174,41
10.1152/jn.1992.67.3.530,https://openalex.org/W2274161364,24,0,0
10.3389/fncom.2014.00141,https://openalex.org/W1965976439,24,50,10
10.1007/978-1-4939-3267-2_10,https://openalex.org/W2400517300,23,79,26
10.1016/j.expneurol.2023.114496,https://openalex.org/W4385237800,23,73,10
10.1016/j.ics.2004.05.129,https://openalex.org/W2088984699,23,22,1
10.1088/1741-2560/9/4/046011,https://openalex.org/W2011092139,23,147,40
10.1098/rspb.2017.0290,https://openalex.org/W2600165020,23,43,15
10.1007/s00221-010-2166-x,https://openalex.org/W2058197872,22,34,2
10.1007/s10514-015-9433-4,https://openalex.org/W2068781259,22,44,1
10.1016/j.arcontrol.2019.04.004,https://openalex.org/W2941855564,22,126,68
10.1051/mmnp/20105206,https://openalex.org/W2156687620,22,46,3
10.1113/jphysiol.2012.234609,https://openalex.org/W2162028597,22,66,3
10.1152/jn.00996.2009,https://openalex.org/W2020442754,22,74,25
10.1155/2014/598523,https://openalex.org/W2040631293,22,21,0
10.3390/ijms23105541,https://openalex.org/W4280567878,22,64,32
10.1007/978-0-387-77064-2_36,https://openalex.org/W131030061,21,68,20
10.1007/978-3-319-22979-9_21,https://openalex.org/W1475996878,21,15,9
10.1016/j.cophys.2019.03.001,https://openalex.org/W2921103174,21,110,4
10.1109/icit.2005.1600829,https://openalex.org/W1541946026,21,18,0
10.1109/robot.2000.844870,https://openalex.org/W2132142586,21,6,1
10.1109/robot.1998.676345,https://openalex.org/W2164738491,21,9,4
10.1201/9781420038705.ch6,https://openalex.org/W2496064873,21,206,42
10.2514/6.2012-4416,https://openalex.org/W2078111946,21,21,0
10.1002/9781118873397.ch9,https://openalex.org/W2667195229,20,168,37
10.1016/j.biosystems.2004.05.005,https://openalex.org/W2124277547,20,31,1
10.1016/j.cub.2023.07.014,https://openalex.org/W4385461623,20,58,16
10.1016/j.conb.2023.102763,https://openalex.org/W4386042157,20,86,24
10.3389/fnsys.2023.1199079,https://openalex.org/W4380084061,20,125,32
10.1016/j.robot.2011.12.005,https://openalex.org/W2086692441,19,45,25
10.1038/srep23622,https://openalex.org/W2331669848,19,39,4
10.1038/s41598-019-44409-7,https://openalex.org/W2950247581,19,61,5
10.1088/1748-3190/ac1ced,https://openalex.org/W3193141338,19,74,20
10.1088/1748-3182/3/2/026002,https://openalex.org/W2137492084,19,38,4
10.1109/iros.2011.6094954,https://openalex.org/W2131835145,19,39,5
10.1113/jphysiol.2006.113043,https://openalex.org/W1563240732,19,56,1
10.1115/dscc2008-2402,https://openalex.org/W2061539438,19,23,0
10.1152/jn.00739.2014,https://openalex.org/W2098480857,19,44,19
10.1155/2013/587098,https://openalex.org/W2069772011,19,12,0
10.1523/eneuro.0191-23.2023,https://openalex.org/W4380987082,19,113,27
10.3390/app8010006,https://openalex.org/W2784716717,19,64,16
10.1016/j.cnsns.2020.105611,https://openalex.org/W3098519668,18,54,2
10.1038/s41467-023-39034-y,https://openalex.org/W4379512377,18,73,26
10.1023/a:1012478704769,https://openalex.org/W1556563059,18,21,4
10.1113/jp286151,https://openalex.org/W4394622613,18,138,26
10.1152/jn.00820.2013,https://openalex.org/W2323579419,18,65,4
10.1371/journal.pone.0268380,https://openalex.org/W4200633346,18,78,4
10.2514/6.2017-1487,https://openalex.org/W2571134565,18,16,5
10.1007/s00221-016-4801-7,https://openalex.org/W2538566345,17,31,1
10.1109/humanoids.2017.8246970,https://openalex.org/W2782701448,17,16,1
10.1109/robot.2003.1241570,https://openalex.org/W1523946546,17,20,2
10.1002/cne.23904,https://openalex.org/W2113012829,16,67,4
10.1007/978-1-4939-3267-2_5,https://openalex.org/W2417473322,16,39,15
10.1007/s11571-021-09710-0,https://openalex.org/W3191104239,16,39,7
10.1080/01691864.2016.1266095,https://openalex.org/W2563835119,16,46,8
10.1152/jn.00248.2023,https://openalex.org/W4386703786,16,27,3
10.3390/biomimetics4010010,https://openalex.org/W2914580701,16,26,4
10.1109/icsmc.2004.1400711,https://openalex.org/W2100605646,15,24,2
10.3389/fncel.2019.00452,https://openalex.org/W2980044779,15,67,38
10.1109/iros45743.2020.9341361,https://openalex.org/W3094453564,14,33,0
10.1109/iros.2007.4399195,https://openalex.org/W2109620338,14,23,2
10.1109/iros.2007.4399498,https://openalex.org/W2095634498,14,12,2
10.1109/robot.2007.363057,https://openalex.org/W2051628266,14,25,8
10.1177/1545968310390224,https://openalex.org/W2026052231,14,52,1
10.3389/fnsys.2022.814028,https://openalex.org/W4211050951,14,85,40
10.1002/jnr.24791,https://openalex.org/W3126384063,13,88,35
10.1007/s00422-017-0726-x,https://openalex.org/W2742508222,13,44,14
10.1016/j.snb.2016.05.091,https://openalex.org/W2410907046,13,65,1
10.1089/neu.2022.0042,https://openalex.org/W4220802896,13,120,30
10.1109/acc.2010.5531002,https://openalex.org/W2135959084,13,14,0
10.3389/fbioe.2022.825149,https://openalex.org/W4226018928,13,36,25
10.3389/fnins.2018.00053,https://openalex.org/W2789557863,13,85,13
10.3389/fnins.2021.633945,https://openalex.org/W3133785897,13,43,8
10.1007/s11044-018-09645-1,https://openalex.org/W2894700832,12,20,0
10.1016/b978-0-12-803766-9.00008-7,https://openalex.org/W2775764143,12,221,66
10.1016/j.neuroscience.2020.09.017,https://openalex.org/W3084939933,12,80,42
10.1115/1.4052804,https://openalex.org/W3209419428,12,45,0
10.1152/jn.00104.2024,https://openalex.org/W4396544204,12,82,29
10.1152/jn.00944.2011,https://openalex.org/W2101965119,12,54,30
10.3389/fnbot.2020.577804,https://openalex.org/W3100392170,12,48,10
10.1007/978-1-4939-3267-2_12,https://openalex.org/W2412861923,11,96,22
10.1007/978-3-030-24741-6_20,https://openalex.org/W2954545295,11,7,4
10.1088/1748-3190/ac28ea,https://openalex.org/W3200789412,11,94,18
10.1109/cecnet.2011.5768718,https://openalex.org/W2105772503,11,14,1
10.1109/icamechs.2014.6911592,https://openalex.org/W2334764185,11,21,1
10.1109/iros.2011.6048561,https://openalex.org/W2564069747,11,0,0
10.1109/lcsys.2018.2871126,https://openalex.org/W2898822913,11,23,9
10.1142/9789813207158_0025,https://openalex.org/W2737845248,11,147,30
10.1117/12.2178007,https://openalex.org/W281848590,11,33,0
10.1242/jeb.049163,https://openalex.org/W2100949883,11,57,4
10.3389/fncom.2015.00154,https://openalex.org/W2234885283,11,53,5
10.5772/4684,https://openalex.org/W1582515334,11,8,0
10.1007/978-1-4419-9056-3_1,https://openalex.org/W81724775,10,149,39
10.1007/s00422-019-00811-y,https://openalex.org/W2990916200,10,70,15
10.1016/b978-0-12-816477-8.00013-2,https://openalex.org/W3049300730,10,265,103
10.1016/j.isci.2025.112203,https://openalex.org/W4408318418,10,72,2
10.1016/j.isci.2022.104083,https://openalex.org/W4221095482,10,69,13
10.1038/s41598-023-30318-3,https://openalex.org/W4321851583,10,60,6
10.1088/1748-3190/aa8290,https://openalex.org/W2740660358,10,46,25
10.1088/1748-3190/10/6/065005,https://openalex.org/W2215279830,10,55,11
10.1109/mhs.2012.6492480,https://openalex.org/W1991029810,10,8,0
10.1523/jneurosci.0612-22.2022,https://openalex.org/W4285083549,10,85,30
10.3389/fncir.2023.1235181,https://openalex.org/W4386223467,10,74,13
10.1007/978-3-319-09435-9_13,https://openalex.org/W104753013,9,28,17
10.1007/s11062-022-09927-7,https://openalex.org/W4297175957,9,449,78
10.1038/s42003-024-06843-w,https://openalex.org/W4402713394,9,50,7
10.1109/ichr.2010.5686829,https://openalex.org/W2135120142,9,16,0
10.1152/jn.00866.2014,https://openalex.org/W2046369253,9,89,36
10.1177/1729881419885288,https://openalex.org/W2991525561,9,46,12
10.21203/rs.3.rs-153297/v1,https://openalex.org/W3129123643,9,47,6
10.3390/robotics14060084,https://openalex.org/W4411366443,9,60,1
10.3390/ijms22116007,https://openalex.org/W3169823237,9,89,26
10.1007/978-3-030-05587-5_15,https://openalex.org/W2905100968,8,50,0
10.1007/3-211-38927-x_35,https://openalex.org/W1573003972,8,15,3
10.1016/j.jbiomech.2013.07.018,https://openalex.org/W2018414313,8,42,0
10.1098/rsos.240207,https://openalex.org/W4401720836,8,111,46
10.1109/wcecs.2008.25,https://openalex.org/W1967291104,8,28,3
10.1113/jp288089,https://openalex.org/W4410099301,8,90,32
10.1152/jn.00261.2012,https://openalex.org/W1970182501,8,71,19
10.3389/fnins.2019.01288,https://openalex.org/W2990279129,8,37,24
10.3389/frvir.2021.557783,https://openalex.org/W3166939190,8,66,1
10.3390/biomimetics7040226,https://openalex.org/W4311527722,8,45,22
10.1007/978-1-62703-197-4_8,https://openalex.org/W2488165213,7,139,43
10.1002/dev.21282,https://openalex.org/W1523660890,7,30,1
10.1016/j.jneumeth.2020.108580,https://openalex.org/W3000302501,7,19,2
10.1113/jp286808,https://openalex.org/W4402949867,7,175,30
10.5772/62687,https://openalex.org/W2338248225,7,60,3
10.1109/icra40945.2020.9197312,https://openalex.org/W2975869184,6,24,0
10.1152/jn.00414.2023,https://openalex.org/W4390543855,6,81,14
10.1371/journal.pcbi.1012101,https://openalex.org/W4406657231,6,118,26
10.4028/www.scientific.net/amm.629.48,https://openalex.org/W1971815121,6,15,0
10.7554/elife.98841,https://openalex.org/W4400477839,6,115,64
10.1002/jez.2751,https://openalex.org/W4386406991,5,59,3
10.1007/978-3-319-09435-9_26,https://openalex.org/W312955849,5,23,4
10.1007/978-1-4939-3267-2_8,https://openalex.org/W2397793654,5,46,25
10.1007/978-3-319-63537-8_15,https://openalex.org/W2734605370,5,17,10
10.1007/978-3-642-31525-1_4,https://openalex.org/W122204220,5,27,5
10.1038/s44460-026-00059-7,https://openalex.org/W7150892674,5,52,0
10.1103/physrevlett.92.114102,https://openalex.org/W1605001310,5,33,0
10.1109/iros.1994.407480,https://openalex.org/W1614902754,5,8,0
10.1101/2022.05.21.492933,https://openalex.org/W4281385242,5,196,47
10.1113/jp287448,https://openalex.org/W4405637468,5,179,35
10.1115/1.4029664,https://openalex.org/W2157624598,5,65,4
10.1152/jn.00194.2019,https://openalex.org/W2982696046,5,89,16
10.1186/1471-2202-12-s1-p158,https://openalex.org/W2015737766,5,4,0
10.1162/106454699568773,https://openalex.org/W1738815258,5,22,0
10.2514/6.2013-4979,https://openalex.org/W2013321419,5,22,1
10.3390/biomimetics7010017,https://openalex.org/W4207032637,5,45,11
10.1098/rsos.210223,https://openalex.org/W3153926781,4,56,1
10.1088/1748-3190/ab57b6,https://openalex.org/W2984129648,4,57,2
10.1101/2020.07.16.205856,https://openalex.org/W3042795825,4,55,4
10.1109/mipro.2015.7160432,https://openalex.org/W1820714295,4,25,0
10.1111/nyas.12055,https://openalex.org/W1796943180,4,60,25
10.14814/phy2.13504,https://openalex.org/W2769157753,4,80,21
10.7554/elife.103504,https://openalex.org/W4405185033,4,65,29
10.1007/978-3-319-95972-6_15,https://openalex.org/W2851940109,3,18,16
10.1007/978-3-030-64313-3_30,https://openalex.org/W3115364503,3,20,3
10.1007/978-3-319-12913-6_8,https://openalex.org/W1197285566,3,212,27
10.1007/s11055-023-01357-0,https://openalex.org/W4318999323,3,45,20
10.1073/pnas.2527676123,https://openalex.org/W7128168237,3,56,0
10.1109/iros.2018.8593664,https://openalex.org/W2908960668,3,29,1
10.1109/ijcnn.2012.6252803,https://openalex.org/W1997438330,3,20,1
10.1117/12.886413,https://openalex.org/W2014436424,3,46,0
10.1152/jn.00871.2015,https://openalex.org/W2331237760,3,63,21
10.1152/jn.00486.2017,https://openalex.org/W2799933962,3,90,25
10.3389/fncir.2022.1076766,https://openalex.org/W4309852132,3,47,22
10.2514/1.j052142,https://openalex.org/W2058233445,3,19,1
10.3389/frobt.2023.1293365,https://openalex.org/W4388929072,3,63,6
10.7554/elife.107480,https://openalex.org/W4412105197,3,81,27
10.1007/978-3-030-64313-3_12,https://openalex.org/W3115906145,2,24,8
10.1007/978-3-030-41878-6_9,https://openalex.org/W4211214843,2,465,32
10.1007/978-3-030-64313-3_7,https://openalex.org/W3116521705,2,27,7
10.1007/978-1-4614-7320-6_49-2,https://openalex.org/W3034119839,2,39,27
10.1007/978-3-319-95972-6_21,https://openalex.org/W2830549441,2,17,9
10.1007/978-3-319-95972-6_57,https://openalex.org/W2873001395,2,22,8
10.1007/s00422-023-00970-z,https://openalex.org/W4385969403,2,38,9
10.1016/b978-0-12-805353-9.00098-x,https://openalex.org/W2790085575,2,137,31
10.1016/j.neunet.2024.106422,https://openalex.org/W4399319734,2,56,20
10.1101/2020.07.17.205351,https://openalex.org/W3043502268,2,62,34
10.1101/2023.10.31.564886,https://openalex.org/W4388212889,2,103,45
10.1101/2025.02.05.636668,https://openalex.org/W4407273380,2,60,8
10.1152/jn.00331.2025,https://openalex.org/W4414448004,2,93,29
10.1162/isal_a_00788,https://openalex.org/W4402157574,2,0,0
10.1523/jneurosci.2015-22.2023,https://openalex.org/W4379740667,2,100,19
10.14288/1.0071394,https://openalex.org/W2310487754,2,115,27
10.1007/978-3-319-09435-9_15,https://openalex.org/W165335459,1,28,11
10.1007/978-3-030-24741-6_34,https://openalex.org/W2953635476,1,5,2
10.1007/978-3-030-64313-3_38,https://openalex.org/W3116599766,1,33,12
10.1002/9781118133880.hop203007,https://openalex.org/W1544911188,1,317,48
10.1007/978-1-0716-1006-0_758,https://openalex.org/W4293197906,1,91,26
10.1016/b978-0-12-816477-8.00011-9,https://openalex.org/W3049171263,1,168,37
10.1016/j.cub.2025.09.030,https://openalex.org/W4414823943,1,58,11
10.1016/j.neunet.2014.08.008,https://openalex.org/W2071491532,1,15,0
10.1098/rsif.2025.0662,https://openalex.org/W7131822316,1,173,36
10.1101/2025.11.11.687930,https://openalex.org/W4416222051,1,58,33
10.1109/robio.2017.8324592,https://openalex.org/W2790783599,1,22,5
10.1242/jeb.244629,https://openalex.org/W4312223060,1,53,6
10.3389/fncel.2025.1710893,https://openalex.org/W4416099171,1,83,1
10.1007/978-1-0716-1006-0_48,https://openalex.org/W4293197386,0,46,21
10.1007/978-3-031-20470-8_37,https://openalex.org/W4312601076,0,15,9
10.1007/978-94-010-0870-9_20,https://openalex.org/W1041587706,0,76,22
10.1016/b978-0-12-819260-3.00009-3,https://openalex.org/W4310559180,0,192,54
10.1016/j.engappai.2025.111811,https://openalex.org/W4412513713,0,40,6
10.1101/226316,https://openalex.org/W2776476701,0,31,5
10.1101/2020.07.29.226530,https://openalex.org/W3045504388,0,77,30
10.1101/2025.05.17.654682,https://openalex.org/W4410576946,0,82,28
10.1371/journal.pcbi.1013494,https://openalex.org/W4414161937,0,74,6
10.3389/fbioe.2026.1787167,https://openalex.org/W7162105292,0,27,10
10.7939/r3639kg5w,https://openalex.org/W2896189946,0,142,40
10.7939/r3-jt04-kz83,https://openalex.org/W2985667866,0,119,27
10.7287/peerj.preprints.26734v1,https://openalex.org/W4246012448,0,0,0
10.5281/zenodo.3631958,https://openalex.org/W4393781224,0,0,0
10.64898/2026.02.11.705376,https://openalex.org/W7128908190,0,40,6
10.48550/arxiv.2603.02851,https://openalex.org/W7133567390,0,0,0
10.48550/arxiv.2606.11034,https://openalex.org/W7164201789,0,0,0
10.64898/2026.06.09.731213,https://openalex.org/W7164476964,0,0,0
