match(doi_or_key),source,old_display_author,new_primary,secondary_authors,primary_changed
10.1152/japplphysiol.00942.2003,orig99,Dietz,Dietz and Harkema,,YES
10.1242/jeb.198.2.435,orig99,Büschges,Büschges,Schmitz; Bässler1,no
10.1016/0166-2236(90)90057-h,orig99,Cruse,Cruse,,no
10.1113/jphysiol.1988.sp017281,orig99,Robertson and Stein,Robertson and Stein,,no
10.1098/rstb.1999.0441,orig99,Ekeberg and Grillner,Leeuwen,Ekeberg; Grillner,YES
10.1016/s0925-2312(02)00832-9,orig99,Ivashko,Ivashko,Prilutsky; Markin; Chapin; Rybak,no
10.1016/j.brainresrev.2007.08.006,orig99,McCrea and Rybak,McCrea and Rybak,,no
10.1016/j.neuroscience.2014.12.084,orig99,Frigon,Frigon,Thibaudier; Hurteau,no
10.1016/j.neuroscience.2022.10.009,orig99,Madarshahian,Madarshahian,Ricotta; Latash,no
10.1016/s0079-6123(06)65016-4,orig99,Prochazka and Yakovenko,Prochazka,Yakovenko; Cisek; Drew; Kalaska,YES
10.1113/jp277515,orig99,Santuz,Santuz,Akay; Mayer; Wells; Schroll; Arampatzis,no
10.1073/pnas.1419045111,orig99,Akay,Akay,Tourtellotte; Arber; Jessell,no
10.1152/jn.00511.2005,orig99,McVea,McVea,Donelan; Tachibana; Pearson,no
10.1007/s10827-008-0124-4,orig99,Daun,Daun,Rubin; Rybak,no
10.1007/978-1-4615-0713-0_40,orig99,Lam,Lam and Pearson,,YES
10.1007/s00422-013-0573-3,orig99,Szczecinski,Szczecinski,Brown; Bender; Quinn; Ritzmann,no
10.1016/j.isci.2022.104083,orig99,Kohler,Kohler,Bengtsson; Stratmann; Röhrbein; Knoll; Albu-Schäffer; Jörntell,no
10.1523/jneurosci.3042-16.2017,orig99,Hurteau,Hurteau,Thibaudier; Dambreville; Chraibi; Desrochers; Telonio; Frigon,no
10.1152/physrev.00015.2019,orig99,Grillner and El Manira,Grillner and El Manira,,no
10.1113/jp270121,orig99,Shevtsova,Shevtsova,Talpalar; Markin; Harris-Warrick; Kiehn; Rybak,no
10.1016/s0166-2236(03)00073-0,orig99,Poppele and Bosco,Poppele and Bosco,,no
10.1371/journal.pcbi.1007804,orig99,Schilling and Cruse,Schilling and Cruse,,no
10.1523/jneurosci.3288-17.2018,orig99,Hurteau,Hurteau,Thibaudier; Dambreville; Danner; Rybak; Frigon,no
10.1007/s00359-014-0968-1,orig99,Ayali,Ayali,Couzin-Fuchs; David; Gal; Holmes; Knebel,no
10.3390/ijms23105541,orig99,Shevtsova,Shevtsova,Li; Singh; Dougherty; Rybak,no
10.1177/105971239300100404,orig99,Espenschied,Espenschied,Chiel; Quinn; Beer,no
10.1016/j.tins.2006.08.007,orig99,Pearson,Pearson,Ekeberg; Büschges,no
10.1152/jn.00216.2017,orig99,Nichols,Nichols,,no
10.1016/0006-8993(80)90206-1,orig99,Duysens,Duysens and Pearson,,YES
10.1007/bf00228410,orig99,Gossard,Gossard,Brownstone; Barajon; Hultborn,no
10.1016/j.brainresrev.2007.06.014,orig99,Pearson,Pearson,,no
10.1113/jphysiol.1971.sp009487,orig99,Hultborn,Hultborn,Jankowska; Lindström,no
10.1016/j.cub.2016.06.070,orig99,Tuthill and Wilson,Tuthill and Wilson,,no
10.3389/fnbot.2017.00018,orig99,Hunt,Hunt,Szczecinski; Quinn,no
10.1113/jp272437,orig99,Shevtsova and Rybak,Shevtsova and Rybak,,no
10.1088/1748-3190/10/5/055004,orig99,Hunt,Hunt,Schmidt; Fischer; Quinn,no
10.1016/0301-0082(92)90024-9,orig99,JANKOWSKA,Jankowska,,no
10.1038/nrn939,orig99,Dietz,Dietz,,no
10.1098/rspb.2017.0290,orig99,Yokoyama,Yokoyama,Ogawa; Shinya; Kawashima; Nakazawa,no
10.1152/jn.00419.2015,orig99,Dambreville,Dambreville,Labarre; Thibaudier; Hurteau; Frigon,no
10.3389/fnins.2020.598888,orig99,Latash,Latash,Lecomte; Danner; Frigon; Rybak; Molkov,no
10.1641/0006-3568(2000)050[0023:iwabar]2.3.co;2,orig99,Ritzmann,Ritzmann,Quinn; Watson; Zill,no
10.1146/annurev-neuro-082321-025137,orig99,Leiras,Leiras,Cregg; Kiehn,no
10.1113/jp277018,orig99,Desrochers,Desrochers,Harnie; Doelman; Hurteau; Frigon,no
10.1152/physrev.2000.80.1.83,orig99,Duysens,Duysens,Clarac; Cruse,no
10.1113/jphysiol.2003.057174,orig99,Ivanenko,Ivanenko,Poppele; Lacquaniti,no
10.1016/j.humov.2007.01.005,orig99,Minassian,Minassian,Persy; Rattay; Pinter; Kern; Dimitrijevic,no
10.1113/jphysiol.2006.118711,orig99,Rybak,Rybak,Stecina; Shevtsova; McCrea,no
10.7554/elife.31050,orig99,Danner,Danner,Shevtsova; Frigon; Rybak,no
10.1007/bf00235671,orig99,Grillner and Zangger,Grillner and Zangger,,no
10.1016/0006-8993(75)90974-9,orig99,Feldman and Orlovsky,Feldman and Orlovsky,,no
10.1016/j.neuron.2015.02.042,orig99,Ting,Ting,Chiel; Trumbower; Allen; McKay; Hackney; Kesar,no
10.1007/978-3-319-22979-9_21,orig99,Hunt,Hunt,Szczecinski; Andrada; Fischer; Quinn,no
10.1007/s00422-012-0543-1,orig99,Bicanski,Bicanski,Ryczko; Knuesel; Harischandra; Charrier; Ekeberg; Cabelguen; Ijspeert,no
10.1113/jphysiol.1995.sp020871,orig99,Guertin,Guertin,Angel; Perreault; McCrea,no
10.1016/j.asd.2015.07.001,orig99,Sasha N. Zill,Zill,Chaudhry; Büschges; Schmitz,YES
10.1007/978-3-319-09435-9_13,orig99,Hunt,Hunt,Schmidt; Fischer; Quinn,no
10.1109/tnsre.2010.2047592,orig99,Geyer and Herr,Geyer and Herr,,no
10.1007/s00422-006-0112-6,orig99,Verdaasdonk,Verdaasdonk,Koopman; Van der Helm,no
10.1016/j.cub.2011.05.029,orig99,Buschges,Büschges,Scholz; El Manira,YES
10.1016/j.jneumeth.2010.01.005,orig99,Cofer,Cofer,Cymbalyuk; Reid; Zhu; Heitler; Edwards,no
10.1016/s0079-6123(06)65015-2,orig99,McCrea and Rybak,McCrea and Rybak,,no
10.1002/cphy.c210020,orig99,Frigon,Frigon,Akay; Prilutsky,no
10.1152/jn.1996.75.3.1126,orig99,Hiebert,Hiebert,Whelan; Procházka; Pearson,no
10.1152/jn.2001.86.3.1321,orig99,Lam,Lam and Pearson,,YES
10.1038/5721,orig99,Tresch,Tresch,Saltiel; Bizzi,no
10.1152/jn.01054.2007,orig99,Kargo,Kargo,Ramakrishnan; Hart; Rome; Giszter,no
10.1093/brain/awu372,orig99,Danner,Danner,Hofstoetter; Freundl; Binder; Mayr; Rattay; Minassian,no
10.1016/j.conb.2010.09.004,orig99,Kiehn,Kiehn,,no
10.1016/j.brainresrev.2007.06.025,orig99,Brownstone and Wilson,Brownstone and Wilson,,no
10.1152/jn.1997.77.6.3226,orig99,Prochazka,Prochazka,Gillard; Bennett,no
10.1007/978-1-4939-3267-2_5,orig99,Shevtsova,Shevtsova,Hamade; Chakrabarty; Markin; Prilutsky; Rybak; Edwards,no
10.1016/j.brainresrev.2007.06.028,orig99,Büschges,Büschges,Akay; Gabriel; Schmidt,no
10.1016/j.asd.2004.05.004,orig99,Dürr,Dürr,Schmitz; Cruse,no
10.1038/nrn.2016.9,orig99,Kiehn,Kiehn,,no
10.1093/brain/119.6.1809,orig99,Nathan,Nathan,Smith; Deacon,no
10.1177/0278364917743320,orig99,"Van der Noot, Nicolas",Van der Noot,Ijspeert; Ronsse,YES
10.1113/jphysiol.2012.240895,orig99,Zhong,Zhong,Shevtsova; Rybak; Harris-Warrick,no
10.1113/jp272740,orig99,Frigon,Frigon,Desrochers; Thibaudier; Hurteau; Dambreville,no
10.1152/jn.00160.2014,orig99,D’Angelo,D'Angelo,Thibaudier; Telonio; Hurteau; Kuczynski; Dambreville; Frigon,YES
10.1152/jn.1999.81.2.758,orig99,HIEBERT,Hiebert and Pearson,,YES
10.1016/s0166-2236(02)02173-2,orig99,Capaday,Capaday,,no
10.1007/bf00249807,orig99,Conway,Conway,Hultborn; Kiehn,no
10.1002/cphy.c170036,orig99,Proske,Proske and Gandevia,,YES
10.1016/s1388-2457(03)00120-2,orig99,Dietz,Dietz,,no
10.1111/j.1469-7793.2001.0041b.x,orig99,McCrea,McCrea,,no
10.1016/j.cois.2015.07.004,orig99,Ayali,Ayali,Borgmann; Büschges; Couzin-Fuchs; Daun-Gruhn; Holmes,no
10.1016/0166-2236(95)94494-p,orig99,Bizzi,Bizzi,Giszter; Loeb; Mussa-Ivaldi; Saltiel,no
10.1152/jn.00865.2011,orig99,Markin,Markin,Lemay; Prilutsky; Rybak,no
10.3390/ijms22031467,orig99,Akay,Akay and Murray,,YES
10.1113/jphysiol.2006.118703,orig99,Rybak,Rybak,Shevtsova; Lafreniere-Roula; McCrea,no
__key__EZAB553H,demo50,,Nielsen,Conway; Halliday; Perreault; Hultborn,(was blank)
__key__SLWW76U4,demo50,,Krouchev and Drew,,(was blank)
__key__VIP3GQJV,demo50,,Frigon,Hurteau; Thibaudier; Leblond; Telonio; D’Angelo,(was blank)
__key__SSLMSMBY,demo50,,Danner,Wilshin; Shevtsova; Rybak,(was blank)
__key__B4P3IYSY,demo50,,Duysens and Pearson,,(was blank)
__key__7WF6KLGD,demo50,,Procházka and Yakovenko,,(was blank)
__key__L6NSMHC7,demo50,,Sengupta and Bagnall,,(was blank)
__key__LT3PEKVL,demo50,,Machado,Pnevmatikakis; Paninski; Jessell; Miri,(was blank)
__key__SG9IX7YE,demo50,,Mayer,Murray; Brenner-Morton; Jessell; Tourtellotte; Akay,(was blank)
__key__J8YGN2AK,demo50,,Li,Garcia-Ramirez; Ha; Dougherty,(was blank)
__key__S8U62GQC,demo50,,Orsal,Cabelguen; Perret,(was blank)
__key__KPZNAIXG,demo50,,Duysens,Donker; Verschueren; Smits-Engelsman; Swinnen,(was blank)
__key__DRACVJLN,demo50,,Griener,,(was blank)
__key__HJKAP6HX,demo50,,Prochazka,,(was blank)
__key__NZQ7JZAW,demo50,,Zaporozhets,Joundi; Schmidt; Szokol; Glover; Perreault; Juvin; Le Gal; Simmers; Morin,(was blank)
__key__UBQD3A3F,demo50,,Deng,Hunt; Szczecinski; Tresch; Chiel; Heckman; Quinn,(was blank)
__key__7B7E6A5I,demo50,,Pierrot-Deseilligny and Burke,,(was blank)
__key__UKJXVFTT,demo50,,Capaday and Stein,,(was blank)
__key__G6ZM8NXY,demo50,,Kasumacic,Glover; Perreault,(was blank)
__key__6XIG2NLN,demo50,,Jankowska,Jukes; Lund; Lundberg,(was blank)
__key__B3M335FJ,demo50,,Perreault,,(was blank)
__key__3SB4QSIF,demo50,,Hurteau and Frigon,,(was blank)
__key__8W7UKZPJ,demo50,,Eccles and Lundberg,,(was blank)
__key__CBWBJ5BV,demo50,,Mari,Lecomte; Merlet; Audet; Harnie; Rybak; Prilutsky; Frigon,(was blank)
__key__KVUZC7GU,demo50,,Kiehn,,(was blank)
__key__5IJUW683,demo50,,Brownstone and Bui,,(was blank)
__key__ZBI5R8X9,demo50,,Hultborn,Conway; Gossard; Brownstone; Fedirchuk; Schomburg; Enríquez-Denton; Perreault,(was blank)
__key__HR9H9J8Z,demo50,,Stecina,Quevedo; McCrea,(was blank)
__key__8W9ZHS8D,demo50,,Nishikawa,Biewener; Aerts; Ahn; Chiel; Daley; Daniel; Full; Hale; Hedrick; Lappin; Nichols; Quinn; Satterlie; Szymik,(was blank)
__key__WDQ262NK,demo50,,Beloozerova and Sirota,,(was blank)
__key__2R4PG7HC,demo50,,Chiel and Beer,,(was blank)
__key__LYDY4DUC,demo50,,Szczecinski,Martin; Bertsch; Ritzmann; Quinn,(was blank)
__key__96WEH7YJ,demo50,,Yakovenko,Sobinov; Gritsenko,(was blank)
__key__X6I4YC75,demo50,,Boxerbaum,Horchler; Shaw; Chiel; Quinn,(was blank)
__key__266BY2HT,demo50,,Bui and Brownstone,,(was blank)
__key__WUNEZFCJ,demo50,,Arber,,(was blank)
__key__IRVPFS35,demo50,,Grillner and Kozlov,,(was blank)
__key__G358BIIV,demo50,,Lafrenière-Roula and McCrea,,(was blank)
__key__JTN9IW98,demo50,,Deng,Szczecinski; Arnold; Andrada; Fischer; Quinn; Hunt,(was blank)
__key__BPNNH6YJ,demo50,,Perreault,Rossignol; Drew,(was blank)
__key__548ZDKKX,demo50,,Audet,Harnie; Lecomte; Mari; Merlet; Prilutsky; Rybak; Frigon,(was blank)
__key__BKB8XLHW,demo50,,Forssberg,Grillner; Halbertsma,(was blank)
__key__DVJE3QGP,demo50,,Perreault and Giorgi,,(was blank)
__key__49TKJ88S,demo50,,Perreault and Raastad,,(was blank)
__key__D9ZBLGKV,demo50,,Mori,,(was blank)
__key__SFAGS4TH,demo50,,Pickard,Quinn; Szczecinski,(was blank)
__key__A6RR8R89,demo50,,Grillner,Deliagina; Manira; Hill; Orlovsky; Wallén; Ekeberg; Lansner,(was blank)
__key__CR77ZSJL,demo50,,Gosgnach,,(was blank)
__key__S2ACA47F,demo50,,Lyttle,Gill; Shaw; Thomas; Chiel,(was blank)
10.1038/s41467-023-36587-w,rest383,Hsu et al.,Hsu,Bertho; Kiehn,YES
10.1152/jn.00486.2017,rest383,Chu et al.,Chu,Hornby; Schmit,YES
10.1523/jneurosci.1654-20.2020,rest383,Zholudeva et al.,Zholudeva,Abraira; Satkunendrarajah; McDevitt; Goulding; Magnuson; Lane,YES
10.1016/j.arcontrol.2019.04.004,rest383,Duysens and Forner-Cordero,Duysens and Forner-Cordero,,no
10.1152/jn.1997.77.6.3311,rest383,Zehr et al.,Zehr,Komiyama; Stein,YES
10.1016/j.brainresrev.2007.07.016,rest383,Dubuc et al.,Dubuc,Brocard; Antri; Fénelon; Gariépy; Smetana; Ménard; Le Ray; Di Prisco; Pearlstein; Sirota; Derjean; St-Pierre; Zielinski; Auclair; Veilleux,YES
10.1111/j.1469-7793.2000.00639.x,rest383,Gosgnach et al.,Gosgnach,Quevedo; Fedirchuk; McCrea,YES
10.1088/1748-3190/aa8290,rest383,Li et al.,Li,Szczecinski; Quinn,YES
10.7554/elife.73424,rest383,Zhang et al.,Zhang,Shevtsova; Deska-Gauthier; Mackay; Dougherty; Danner; Rybak,YES
10.1007/978-1-4757-0964-3,rest383,Herman et al.,Herman,Grillner; Stein; Stuart,YES
10.1002/cne.23904,rest383,Sivertsen et al.,Sivertsen,Perreault; Glover,YES
10.1016/0301-0082(96)00028-7,rest383,Whelan,Whelan,,no
10.1177/0278364905055381,rest383,Kaliyamoorthy et al.,Kaliyamoorthy,Quinn; Zill,YES
10.1016/j.conb.2009.09.002,rest383,Tresch and Jarc,Tresch and Jarc,,no
10.1152/jn.90338.2008,rest383,Ross and Nichols,Ross and Nichols,,no
10.1016/s0079-6123(06)57016-5,rest383,Frigon and Rossignol,Frigon and Rossignol,,no
__key__YJVT4HJU,rest383,Horchler et al.,Horchler,Quinn; Lambrecht; Morrey,YES
10.1113/jphysiol.2013.261115,rest383,Rybak et al.,Rybak,Shevtsova; Kiehn,YES
10.1146/annurev.physiol.62.1.723,rest383,Pearson,Pearson,,no
10.3389/fncom.2013.00014,rest383,Duysens et al.,Duysens,De Groote; Jonkers,YES
10.1007/bf00230939,rest383,Pearson et al.,Pearson,Ramirez; Jiang,YES
10.1016/0006-8993(87)91442-9,rest383,Barbeau and Rossignol,Barbeau and Rossignol,,no
10.1016/j.neuron.2014.02.013,rest383,Zhang et al.,Zhang,Lanuza; Britz; Wang; Siembab; Velasquez; Álvarez; Frank; Goulding,YES
10.1007/978-1-4614-7320-6_49-2,rest383,Shevtsova,Shevtsova,,no
10.1113/jphysiol.1957.sp005794,rest383,Eccles and Lundberg,Eccles and Lundberg,,no
10.1016/s0165-0173(98)00006-x,rest383,B├ñssler and B├╝schges,Bässler and Büschges,,YES
10.1016/0301-0082(86)90021-3,rest383,Armstrong,Armstrong,,no
10.1016/j.neunet.2008.03.014,rest383,Ijspeert,Ijspeert,,no
10.1152/jn.00175.2005,rest383,Quevedo et al.,Quevedo,Stecina; Gosgnach; McCrea,YES
10.1007/978-3-319-63537-8_15,rest383,Hilts et al.,Hilts,Szczecinski; Quinn; Hunt,YES
10.1152/jn.1993.70.3.1102,rest383,Buford and Smith,Buford and Smith,,no
__key__YX6IC7SQ,rest383,Ritzmann et al.,Ritzmann,Quinn; Willis; Perry,YES
10.1126/science.1210617,rest383,Dominici et al.,Dominici,Ivanenko; Cappellini; d’Avella; Mondì; Mondı̀; Cicchese; Fabiano; Silei; Di Paolo; Giannini; Poppele; Lacquaniti,YES
10.3389/fnbot.2017.00037,rest383,Szczecinski et al.,Szczecinski,Hunt; Quinn,YES
10.1111/nyas.12055,rest383,Hochman et al.,Hochman,Hayes; Speigel; Colton; Chang,YES
__key__QRNCP58H,rest383,Gervasio,Gervasio,,no
10.1162/neco.1992.4.3.356,rest383,Beer et al.,Beer,Chiel; Quinn; Espenschied; Larsson,YES
10.3389/fncir.2023.1146449,rest383,Wilson and Sweeney,Wilson and Sweeney,,no
10.3390/app8010006,rest383,Rubeo et al.,Rubeo,Szczecinski; Quinn,YES
10.1152/jn.00739.2014,rest383,Hurteau et al.,Hurteau,Thibaudier; Dambreville; Desaulniers; Frigon,YES
10.1038/s41598-018-35714-8,rest383,Fujiki et al.,Fujiki,Aoi; Funato; Sato; Tsuchiya; Yanagihara,YES
10.1016/b978-0-12-816477-8.00011-9,rest383,Thiry et al.,Thiry,Roussel; Lemieux; Bretzner,YES
10.3389/fphys.2018.00784,rest383,C├┤t├⌐ et al.,Côté,Murray; Knikou,YES
10.3727/096368911x627598,rest383,Boulland et al.,Boulland,Leung; Thuen; Vik-Mo; Joel; Perreault; Langmoen; Haraldseth; Glover,YES
10.1007/978-0-387-77064-2_36,rest383,Nichols and Ross,Nichols and Ross,,no
10.1152/jn.1980.44.3.475,rest383,McCrea et al.,McCrea,Pratt; Jordan,YES
10.1016/j.asd.2004.05.002,rest383,Ekeberg et al.,Ekeberg,Blümel; Büschges,YES
10.1016/b978-0-12-803766-9.00008-7,rest383,Proch├ízka et al.,Procházka,Gosgnach; Capaday; Geyer,YES
10.1113/jphysiol.1992.sp019296,rest383,Cazalets et al.,Cazalets,Sqalli-Houssaini; Clarac,YES
10.1152/jn.00944.2011,rest383,Hatz et al.,Hatz,Mombaur; Donelan,YES
10.1002/cphy.c100086,rest383,Proch├ízka et al.,Procházka and Ellaway,,YES
10.1201/9781420038705.ch6,rest383,Yakovenko et al.,Yakovenko and Procházka,,YES
10.1007/978-3-030-24741-6_34,rest383,Nourse et al.,Nourse,Szczecinski; Haustein; Bockemühl; Büschges; Quinn,YES
10.1152/jn.00322.2017,rest383,Ziskind-Conhaim and Hochman,Ziskind-Conhaim and Hochman,,no
10.1111/j.1748-1716.1983.tb07267.x,rest383,Andersson and Grillner,Andersson and Grillner,,no
10.1523/jneurosci.1618-07.2007,rest383,Quinlan and Kiehn,Quinlan and Kiehn,,no
__key__WJ4ZTW5P,rest383,Lewinger et al.,Lewinger,Rutter; Bluemel; Bueschges; Quinn,YES
10.1152/jn.00497.2003,rest383,Bouyer and Rossignol,Bouyer and Rossignol,,no
10.1088/1748-3190/aada54,rest383,Duysens and Forner-Cordero,Duysens and Forner-Cordero,,no
10.1007/978-1-4939-3267-2_12,rest383,Bondy et al.,Bondy,Klishko; Edwards; Prilutsky; Cymbalyuk,YES
10.1523/jneurosci.16-18-05777.1996,rest383,Kj├ªrulff et al.,Kjærulff,Kjaerulff; Kiehn,YES
10.1002/9781118873397.ch12,rest383,Ting and Chiel,Ting and Chiel,,no
10.1177/1073858410396101,rest383,Frigon,Frigon,,no
__key__WQZXAF74,rest383,D├╝rr and Krause,Dürr and Krause,,YES
10.1152/jn.1993.69.6.2232,rest383,Perreault et al.,Perreault,Drew; Rossignol,YES
10.1007/s00422-017-0726-x,rest383,Szczecinski and Quinn,Szczecinski and Quinn,,no
10.7939/r3-jt04-kz83,rest383,Haque,Haque,,no
10.1007/978-3-030-64313-3_12,rest383,Fitzpatrick et al.,Fitzpatrick,Wang; Thomas; Quinn; Szczecinski,YES
10.1523/jneurosci.5894-08.2010,rest383,Hart and Giszter,Hart and Giszter,,no
10.1016/s0966-6362(97)00042-8,rest383,Duysens et al.,Duysens and Van de Crommert,,YES
10.1007/978-1-4939-3267-2_8,rest383,Aoi,Aoi,,no
10.1152/jn.00833.2002,rest383,Wilmink and Nichols,Wilmink and Nichols,,no
10.1101/2020.07.16.205856,rest383,Stark et al.,Stark,Fischer; Hunt; Young; Quinn; Andrada,YES
10.1007/bf00228156,rest383,Shefchyk et al.,Shefchyk,McCrea; Kriellaars; Fortier; Jordan,YES
10.1016/j.neuron.2011.07.011,rest383,Talpalar et al.,Talpalar,Endo; Löw; Borgius; Hägglund; Dougherty; Ryge; Hnasko; Kiehn,YES
10.1016/j.pneurobio.2006.04.001,rest383,Hultborn,Hultborn,,no
10.1098/rsif.2012.0669,rest383,Owaki et al.,Owaki,Kano; Nagasawa; Tero; Ishiguro,YES
10.1111/j.1748-1716.1985.tb07612.x,rest383,Nilsson et al.,Nilsson,Thorstensson; Halbertsma,YES
10.1523/jneurosci.1206-09.2009,rest383,Crone et al.,Crone,Zhong; Harris-Warrick; Sharma,YES
10.1016/0959-4388(95)80107-3,rest383,Pearson,Pearson,,no
10.3389/fnins.2018.00053,rest383,Jean-Xavier and Perreault,Jean-Xavier and Perreault,,no
__key__TR2NKM86,rest383,McMahon,McMahon,,no
10.1023/a:1012478704769,rest383,Quinn et al.,Quinn,Nelson; Bachmann; Ritzmann,YES
10.3389/fneur.2012.00183,rest383,Guertin,Guertin,,no
10.1523/jneurosci.1737-09.2009,rest383,P├⌐rez et al.,Pérez,Tapia; Mirasso; Garćıa-Ojalvo; Garcia-Ojalvo; Quevedo; Cuellar; Manjarrez,YES
10.1152/jn.1998.79.4.1702,rest383,Smith et al.,Smith,Carlson‐Kuhta; Carlson-Kuhta; Trank,YES
10.1152/jn.00863.2002,rest383,Verschueren et al.,Verschueren,Swinnen; Desloovere; Duysens,YES
10.1101/2023.10.31.564886,rest383,Molkov et al.,Molkov,Yu; Ausborn; Bouvier; Danner; Rybak,YES
10.1152/jn.00524.2013,rest383,Frigon et al.,Frigon,D’Angelo; Thibaudier; Hurteau; Telonio; Kuczynski; Dambreville,YES
10.1242/jeb.056481,rest383,Bender et al.,Bender,Simpson; Tietz; Daltorio; Quinn; Ritzmann,YES
10.1523/jneurosci.20-22-08577.2000,rest383,Marcoux and Rossignol,Marcoux and Rossignol,,no
10.1016/j.neuron.2006.11.008,rest383,Grillner,Grillner,,no
10.1152/jn.00871.2015,rest383,Stein et al.,Stein,Daniels-McQueen; Lai; Liu; Corman,YES
10.1016/0006-8993(75)91013-6,rest383,Forssberg et al.,Forssberg,Grillner; Rossignol,YES
10.1038/35049541,rest383,Jessell,Jessell,,no
10.1073/pnas.1304365110,rest383,H├ñgglund et al.,Hägglund,Dougherty; Borgius; Itohara; Iwasato; Kiehn,YES
10.1152/jn.90895.2008,rest383,╨í╨╡╨╗╨╕╨╛╨╜╨╛╨▓ et al.,Selionov,Ivanenko; Solopova; Gurfinkel,YES
10.1152/jn.00602.2017,rest383,Stein,Stein,,no
10.1523/jneurosci.3338-09.2009,rest383,Chiel et al.,Chiel,Ting; Ekeberg; Hartmann,YES
__key__7GCFAMKS,rest383,Herr et al.,Herr,Casler; Han; Barnhart; Girzon; Garlow,YES
10.1152/jn.00550.2017,rest383,Ausborn et al.,Ausborn,Snyder; Shevtsova; Rybak; Rubin,YES
10.1016/0006-8993(77)90710-7,rest383,Forssberg et al.,Forssberg,Grillner; Rossignol,YES
10.1016/j.robot.2011.12.005,rest383,Aoi et al.,Aoi,Ogihara; Funato; Tsuchiya,YES
10.1523/jneurosci.22-22-09961.2002,rest383,Butt et al.,Butt,Harris‐Warrick; Harris-Warrick; Kiehn,YES
10.1152/jn.00496.2003,rest383,Gagnon et al.,Gagnon,Bouyer; Rossignol,YES
10.1139/y04-043,rest383,Donelan and Pearson,Donelan and Pearson,,no
__key__VQ7F2KNP,rest383,Lemay et al.,Lemay,Prilutsky; Rybak,YES
10.1111/j.1460-9568.2010.07354.x,rest383,Jankowska and Edgley,Jankowska and Edgley,,no
10.1007/bf00236206,rest383,Noga et al.,Noga,Shefchyk; Jamal; Jordan,YES
__key__5LE2D2QE,rest383,Herr et al.,Herr,Geyer; Eilenberg,YES
10.1113/jphysiol.2012.234609,rest383,Kasumacic et al.,Kasumacic,Glover; Perreault,YES
10.1152/jn.1999.82.1.290,rest383,Mori et al.,Mori,Matsui; Kuze; Asanome; Nakajima; Matsuyama,YES
10.1007/s10489-021-02275-9,rest383,Husbands et al.,Husbands,Shim; Garvie; Dewar; Domcsek; Graham; Knight; Nowotny; Philippides,YES
10.1007/pl00007977,rest383,Ogihara and Yamazaki,Ogihara and Yamazaki,,no
10.1152/jn.90918.2008,rest383,Donelan et al.,Donelan,McVea; Pearson,YES
10.1007/s11062-022-09927-7,rest383,Windhorst,Windhorst,,no
10.1111/j.1748-1716.2006.01651.x,rest383,Hultborn and Nielsen,Hultborn and Nielsen,,no
__key__G4LJSGDJ,rest383,Honeine,Honeine,,no
10.1152/jn.1991.66.3.919,rest383,Drew,Drew,,no
10.1152/jn.00065.2005,rest383,Ekeberg and Pearson,Ekeberg and Pearson,,no
10.1152/physrev.2001.81.2.539,rest383,Bosco and Poppele,Bosco and Poppele,,no
10.1145/245108.245118,rest383,Beer et al.,Beer,Quinn; Chiel; Ritzmann,YES
__key__NC7ETD46,rest383,Perreault et al.,Perreault,Angel; Guertin; McCrea,YES
10.1016/s0065-2806(07)34004-6,rest383,B├╝schges and Gruhn,Büschges and Gruhn,,YES
10.1016/s0079-6123(03)43011-2,rest383,Yamaguchi,Yamaguchi,,no
10.1007/978-1-4939-3267-2_2,rest383,Markin et al.,Markin,Klishko; Shevtsova; Lemay; Prilutsky; Rybak; Edwards,YES
10.1007/978-3-319-95972-6_21,rest383,Hilts et al.,Hilts,Szczecinski; Quinn; Hunt,YES
10.1016/j.brainresbull.2007.03.010,rest383,Windhorst,Windhorst,,no
__key__3D3FLH8A,rest383,Donelan et al.,Donelan,Tachibana; Pearson,YES
10.1093/acprof:oso/9780198524052.001.0001,rest383,Orlovsky et al.,Orlovsky,Deliagina; Grillner,YES
__key__XDKQIYUI,rest383,Hillen,Hillen,,no
10.1242/jeb.245784,rest383,Ijspeert and Daley,Ijspeert and Daley,,no
10.1523/jneurosci.0612-22.2022,rest383,Dewolf et al.,Dewolf,Scaleia; Fabiano; Sylos-Labini; Mondi; Mondı̀; Picone; Paolo; Paolillo; Ivanenko; Lacquaniti,YES
10.1152/jn.00479.2001,rest383,Yakovenko et al.,Yakovenko,Mushahwar; VanderHorst; Holstege; Procházka,YES
__key__C42DBB9I,rest383,Herr et al.,Herr,Weber; Garlow; Casler,YES
10.1098/rstb.2009.0322,rest383,Whelan,Whelan,,no
10.1113/jphysiol.2004.076034,rest383,Angel et al.,Angel,Jankowska; McCrea,YES
10.1016/0959-4388(94)90139-2,rest383,Rossignol and Dubuc,Rossignol and Dubuc,,no
10.1088/1748-3190/ac1ced,rest383,Szczecinski et al.,Szczecinski,Dallmann; Quinn; Zill,YES
10.3389/fnins.2019.01288,rest383,Fujiki et al.,Fujiki,Aoi; Tsuchiya; Danner; Rybak; Yanagihara,YES
__key__7BSD3IUL,rest383,Klint,Klint,,no
10.1016/s0301-0082(98)00081-1,rest383,Zehr et al.,Zehr and Stein,,YES
10.1002/9781118133880.hop203007,rest383,Fouad et al.,Fouad,Bennett; Fischer; Büschges,YES
10.1111/j.1469-7793.2000.00817.x,rest383,Sinkj├ªr et al.,Sinkjær,Andersen; Ladouceur; Christensen; Nielsen,YES
10.1177/1073858417699790,rest383,Minassian et al.,Minassian,Hofstoetter; Dzeladini; Guertin; Ijspeert,YES
10.1093/brain/awh252,rest383,Beres-Jones and Harkema,Beres-Jones and Harkema,,no
10.1016/b978-0-444-53825-3.00007-3,rest383,Gossard et al.,Gossard,Sirois; Noué; Côté; Ménard; Leblond; Frigon,YES
10.3389/fnins.2021.720542,rest383,Merlet et al.,Merlet,Harnie; Frigon,YES
10.1152/jn.90729.2008,rest383,Endo and Kiehn,Endo and Kiehn,,no
10.1007/bf00237937,rest383,Wand et al.,Wand,Procházka; Sontag,YES
10.1016/b978-0-444-53825-3.00015-2,rest383,Yakovenko,Yakovenko,,no
10.1016/j.neuroscience.2020.09.017,rest383,Dom├¡nguez-Rodr├¡guez et al.,Domínguez-Rodríguez,Stecina; Garcia-Ramirez; Mena-Avila; Milla-Cruz; Martínez-Silva; Zhang; Hultborn; Quevedo,YES
10.1152/jn.1989.62.5.1177,rest383,Gossard et al.,Gossard,Cabelguen; Rossignol,YES
10.1111/j.1469-7793.1998.277bu.x,rest383,Proch├ízka et al.,Procházka and Gorassini,,YES
10.1101/226316,rest383,Schnerwitzki et al.,Schnerwitzki,Perry; Ivanova; Caixeta; Cramer; Günther; Guenther; Weber; Tafreshiha; Becker; Panesso; Klopstock; De Angelis; Schmidt; Kullander; Englert,YES
10.1088/1748-3190/10/4/041001,rest383,Buschmann et al.,Buschmann,Ewald; Twickel; Büschges,YES
10.1016/b978-0-12-816477-8.00013-2,rest383,Frigon,Frigon,,no
10.1152/jn.00978.2016,rest383,Frigon,Frigon,,no
10.1038/ncomms1276,rest383,Zhong et al.,Zhong,Sharma; Harris-Warrick,YES
10.1007/s002210050522,rest383,Schomburg et al.,Schomburg,Petersen; Barajon; Hultborn,YES
10.1002/cphy.cp120105,rest383,Rossignol,Rossignol,,no
10.1016/j.conb.2015.03.001,rest383,McLean and Dougherty,McLean and Dougherty,,no
10.1088/1748-3190/10/2/026001,rest383,Horchler et al.,Horchler,Daltorio; Chiel; Quinn,YES
10.1002/jmor.1051410102,rest383,Goslow et al.,Goslow,Reinking; Stuart,YES
10.1152/jn.1991.66.6.1874,rest383,Pearson and Rossignol,Pearson and Rossignol,,no
10.1016/j.celrep.2018.08.095,rest383,Chopek et al.,Chopek,Nascimento; Beato; Brownstone; Zhang,YES
10.1113/jphysiol.1981.sp013556,rest383,Jankowska et al.,Jankowska,Johannisson; Lipski,YES
10.1113/jphysiol.2009.176669,rest383,Frigon and Gossard,Frigon and Gossard,,no
__key__5K3KTVGR,rest383,Ritzmann et al.,Ritzmann,Quinn; Willis,YES
10.1117/12.886413,rest383,Quinn et al.,Quinn,Boxerbaum; Palmer; Chiel; Diller; Hunt; Bachmann,YES
10.1152/jn.00615.2004,rest383,B├╝schges,Büschges,,YES
10.1101/2020.07.29.226530,rest383,Merlet et al.,Merlet,Harnie; Macovei; Doelman; Gaudreault; Frigon,YES
10.1007/978-3-642-31525-1_4,rest383,Boxerbaum et al.,Boxerbaum,Daltorio; Chiel; Quinn,YES
10.14814/phy2.13504,rest383,Yokoyama et al.,Yokoyama,Hagio; Ogawa; Nakazawa,YES
10.3389/fnbot.2017.00039,rest383,Aoi et al.,Aoi,Manoonpong; Ambe; Matsuno; Wörgötter,YES
10.1109/robot.1998.676345,rest383,Flannigan et al.,Flannigan,Nelson; Quinn,YES
10.3389/fnbot.2020.577804,rest383,Szczecinski et al.,Szczecinski,Quinn; Hunt,YES
10.1016/s0079-6123(03)43012-4,rest383,Pearson,Pearson,,no
10.3389/fncel.2019.00512,rest383,Lalibert├⌐ et al.,Laliberté,Goltash; Lalonde; Bui,YES
10.2174/1381612822666161214144655,rest383,Hofstoetter et al.,Hofstoetter,Knikou; Guertin; Minassian,YES
10.1111/j.1469-7793.1998.293bu.x,rest383,Proch├ízka et al.,Procházka and Gorassini,,YES
10.1111/j.1749-6632.1998.tb09050.x,rest383,Pearson et al.,Pearson,Misiaszek; Fouad,YES
10.1007/bf00229407,rest383,Pratt et al.,Pratt,Chanaud; Loeb,YES
__key__KWG7NPDI,rest383,Ross,Ross,,no
10.1016/j.neuron.2008.09.027,rest383,Zhang et al.,Zhang,Narayan; Geiman; Lanuza; Velasquez; Shanks; Akay; Dyck; Pearson; Gosgnach; Fan; Goulding,YES
10.1152/jn.1997.77.6.3237,rest383,Proch├ízka et al.,Procházka,Gillard; Bennett,YES
10.1088/1748-3190/ab9e52,rest383,Goldsmith et al.,Goldsmith,Szczecinski; Quinn,YES
10.1142/9789813207158_0025,rest383,Dalrymple and Mushahwar,Dalrymple and Mushahwar,,no
10.1111/j.1469-7793.2000.00389.x,rest383,Pang and Yang,Pang and Yang,,no
__key__G93A9Z5X,rest383,Herr et al.,Herr,Geyer; Eilenberg,YES
__key__C3E574SH,rest383,Latash,Latash,,no
10.1152/jn.00347.2019,rest383,Maxwell and Soteropoulos,Maxwell and Soteropoulos,,no
10.1016/j.brainresrev.2009.08.002,rest383,Guertin,Guertin,,no
10.1038/nature12286,rest383,Talpalar et al.,Talpalar,Bouvier; Borgius; Fortin; Pierani; Kiehn,YES
10.1007/bf00204048,rest383,Taga,Taga,,no
__key__DS6WLCW2,rest383,Li,Li,,no
10.1523/jneurosci.5486-10.2011,rest383,Szokol et al.,Szokol,Glover; Perreault,YES
10.1523/jneurosci.15-07-04943.1995,rest383,Cazalets et al.,Cazalets,Borde; Clarac,YES
10.1111/j.1748-1716.1980.tb06534.x,rest383,Forssberg et al.,Forssberg,Grillner; Halbertsma; Rossignol,YES
10.1007/978-1-4757-0964-3_21,rest383,Pearson and Duysens,Pearson and Duysens,,no
10.1177/0278364903022003003,rest383,Quinn et al.,Quinn,Nelson; Bachmann; Kingsley; Offi; Allen; Ritzmann,YES
10.1113/jp274518,rest383,Kuczynski et al.,Kuczynski,Telonio; Thibaudier; Hurteau; Dambreville; Desrochers; Doelman; Ross; Frigon,YES
10.1098/rspb.1911.0077,rest383,Brown,Brown,,no
10.1007/978-3-030-64313-3_38,rest383,Young et al.,Young,Hunt; Chiel; Quinn,YES
__key__4T74U33I,rest383,Dambreville et al.,Dambreville,Frigon; D'Angelo; Thibaudier; Hurteau,YES
10.3390/biomimetics4010010,rest383,Young et al.,Young,Rode; Hunt; Quinn,YES
10.1111/j.1749-6632.2010.05435.x,rest383,Markin et al.,Markin,Klishko; Shevtsova; Lemay; Prilutsky; Rybak,YES
10.1007/978-3-319-09435-9_26,rest383,Szczecinski et al.,Szczecinski,Martin; Ritzmann; Quinn,YES
10.1016/s0966-6362(99)00052-1,rest383,Dietz and Duysens,Dietz and Duysens,,no
10.1111/j.1469-7793.1999.00691.x,rest383,Perreault et al.,Perreault,Shefchyk; Jiménez; McCrea,YES
10.1016/j.pneurobio.2004.04.003,rest383,Fouad and Pearson,Fouad and Pearson,,no
10.1016/j.asd.2004.05.001,rest383,Ritzmann et al.,Ritzmann,Quinn; Fischer,YES
10.1016/0006-8993(90)90334-8,rest383,Gossard et al.,Gossard,Cabelguen; Rossignol,YES
__key__AKDZIR4R,rest383,Van de Crommert et al.,Van de Crommert,Mulder; Duysens,YES
10.1523/jneurosci.19-24-10966.1999,rest383,Perreault et al.,Perreault,Enríquez-Denton; Hultborn,YES
10.1113/jphysiol.1957.sp005849,rest383,Eccles and Lundberg,Eccles and Lundberg,,no
10.3390/ijms22116007,rest383,S┼éawi┼äska et al.,Sławińska,Majczyński; Kwaśniewska; Miazga; Cabaj; Bekisz; Jordan; Zawadzka,YES
10.1016/0006-8993(93)90903-z,rest383,Duysens et al.,Duysens,Tax; Trippel; Dietz,YES
10.1016/s1044-5765(05)80026-0,rest383,Rossignol et al.,Rossignol,Saltiel; Perreault; Drew; Pearson; Bélanger,YES
10.1111/j.1748-1716.1984.tb07400.x,rest383,Grillner and Zangger,Grillner and Zangger,,no
10.1152/jn.1979.42.4.936,rest383,Forssberg,Forssberg,,no
10.1109/robot.2007.363057,rest383,Rutter et al.,Rutter,Lewinger; Blümel; Büschges; Quinn,YES
10.1007/bf00241961,rest383,Whelan et al.,Whelan,Hiebert; Pearson,YES
10.1007/978-1-0716-1006-0_48,rest383,Harris-Warrick and HarrisΓÇÉWarrick,Harris-Warrick and Harris‐Warrick,,YES
10.1016/s0074-7742(05)69005-8,rest383,Von Stetina et al.,Von Stetina,Treinin; Miller,YES
10.1523/eneuro.0069-15.2015,rest383,Rybak et al.,Rybak,Dougherty; Shevtsova,YES
10.1016/0006-8993(72)90007-8,rest383,Orlovsky,Orlovsky,,no
10.1016/0006-8993(75)90401-1,rest383,Grillner and Zangger,Grillner and Zangger,,no
10.1152/jn.00325.2004,rest383,Donelan and Pearson,Donelan and Pearson,,no
__key__CGD36ERG,rest383,Herr et al.,Herr,Geyer; Eilenberg,YES
10.1016/0014-4886(86)90094-4,rest383,Lovely et al.,Lovely,Gregor; Roy; Edgerton,YES
10.1152/jn.1976.39.5.1090,rest383,Proch├ízka et al.,Procházka,Westerman; Ziccone,YES
10.1152/jn.00996.2009,rest383,Hinckley et al.,Hinckley,Wiesner; Mentis; Titus; Ziskind-Conhaim,YES
10.1016/s0165-0173(99)00008-9,rest383,Barbeau et al.,Barbeau,McCrea; O’Donovan; Rossignol; Grill; Lemay,YES
10.1007/s00422-006-0129-x,rest383,Frigon and Rossignol,Frigon and Rossignol,,no
10.3389/fbioe.2022.825149,rest383,Kim et al.,Kim,Aoi; Fujiki; Danner; Markin; Ausborn; Rybak; Yanagihara; Senda; Tsuchiya,YES
10.1101/2022.05.21.492933,rest383,Ozeri-Engelhard et al.,Ozeri-Engelhard,Gradwell; Laflamme; Upadhyay; Aoki; Shrier; Gandhi; Gonzalez; Eisdorfer; Zadeh; Yusuf; Katz; Haas; Akay; Abraira,YES
10.1111/j.1748-1716.1981.tb06867.x,rest383,Andersson and Grillner,Andersson and Grillner,,no
10.3390/biomimetics7010017,rest383,Young et al.,Young,Chiel; Tresch; Heckman; Hunt; Quinn,YES
10.1016/b978-0-12-805353-9.00098-x,rest383,Harkema et al.,Harkema,Rejc; Angeli,YES
10.1016/0006-8993(78)90973-3,rest383,Grillner and Rossignol,Grillner and Rossignol,,no
10.1113/jphysiol.1983.sp014663,rest383,Jankowska and McCrea,Jankowska and McCrea,,no
10.1007/s002210050847,rest383,Burke,Burke,,no
10.1007/bf00227344,rest383,Dietz et al.,Dietz,Zijlstra; Duysens,YES
10.1177/1073858404264680,rest383,Zehr and Duysens,Zehr and Duysens,,no
__key__QHAYTMKP,rest383,Molkov et al.,Molkov,Bacak; Talpalar; Rybak,YES
10.1016/0304-3940(77)90187-2,rest383,Schomburg et al.,Schomburg,Roesler; Meinck,YES
10.1113/jphysiol.2008.158105,rest383,Szokol et al.,Szokol,Glover; Perreault,YES
10.1007/bf00231254,rest383,Duysens et al.,Duysens,Trippel; Horstmann; Dietz,YES
10.1152/jn.00820.2013,rest383,Sivertsen et al.,Sivertsen,Glover; Perreault,YES
10.1152/jn.00991.2004,rest383,Yakovenko et al.,Yakovenko,McCrea; Stecina; Procházka,YES
10.3389/fnsys.2022.814028,rest383,Harnie et al.,Harnie,Audet; Mari; Lecomte; Merlet; Genois; Rybak; Prilutsky; Frigon,YES
10.1016/j.neuron.2008.08.009,rest383,Crone et al.,Crone,Quinlan; Zagoraiou; Droho; Restrepo; Lundfald; Endo; Setlak; Jessell; Kiehn; Sharma,YES
__key__2NHK8MS4,rest383,Halbertsma,Halbertsma,,no
10.1523/jneurosci.5188-14.2015,rest383,Kasumacic et al.,Kasumacic,Lambert; Coulon; Bras; Vinay; Perreault; Glover,YES
__key__4YSY755G,rest383,Onushko,Onushko,,no
10.1007/s10827-014-0519-3,rest383,Shaw et al.,Shaw,Lyttle; Gill; Cullins; McManus; Lu; Thomas; Chiel,YES
10.1113/jphysiol.1910.sp001362,rest383,Sherrington,Sherrington,,no
10.1016/b978-0-08-026814-9.50025-9,rest383,Lundberg,Lundberg,,no
10.1016/0006-8993(78)90493-6,rest383,Andersson et al.,Andersson,Forssberg; Grillner; Lindquist,YES
10.1109/robot.1998.676348,rest383,Nelson and Quinn,Nelson and Quinn,,no
10.1152/physrev.1992.72.3.623,rest383,Jami,Jami,,no
10.1016/s0960-9822(01)00581-4,rest383,Marder and Bucher,Marder and Bucher,,no
10.1038/nature04545,rest383,Gosgnach et al.,Gosgnach,Lanuza; Butt; Saueressig; Zhang; Velasquez; Riethmacher; Callaway; Kiehn; Goulding,YES
10.1016/0921-8890(96)00003-6,rest383,Espenschied et al.,Espenschied,Quinn; Beer; Chiel,YES
10.1515/revneuro-2017-0102,rest383,Steuer and Guertin,Steuer and Guertin,,no
__key__XVTZ5QE2,rest383,Nichols et al.,Nichols,Hodson-Tole; Pantall; Maas; Farrell; Gregor; Boris; Hatz; Mombaur; Donelan; Colton; Bauman; Chang,YES
10.1152/jn.00261.2012,rest383,Onushko et al.,Onushko,Hyngstrom; Schmit,YES
10.1126/science.3975635,rest383,Grillner,Grillner,,no
10.1007/bf00231657,rest383,LaBella et al.,LaBella,Niechaj; Rossignol,YES
10.1113/jphysiol.1982.sp014319,rest383,Akazawa et al.,Akazawa,Aldridge; Steeves; Stein,YES
10.1038/s41467-023-39034-y,rest383,Minassian et al.,Minassian,Bayart; Lackner; Binder; Freundl; Hofstoetter,YES
10.1023/a:1008920021246,rest383,Beer et al.,Beer,Chiel; Gallagher,YES
__key__24S6U4Q3,rest383,Pierrot-Deseilligny and Burke,Pierrot-Deseilligny and Burke,,no
10.1007/978-1-0716-1006-0_758,rest383,Rybak and Ausborn,Rybak and Ausborn,,no
10.1523/jneurosci.4849-09.2010,rest383,Zhong et al.,Zhong,Droho; Crone; Dietz; Kwan; Webb; Sharma; Harris-Warrick,YES
10.1152/jn.1997.77.2.797,rest383,Harkema et al.,Harkema,Hurley; Patel; Requejo; Dobkin; Edgerton,YES
10.1007/bf00235875,rest383,Abraham et al.,Abraham,Marks; Loeb,YES
10.1109/wcecs.2008.25,rest383,Harkins et al.,Harkins,Dunbar; Boxerbaum; Bachmann; Quinn; Vaidyanathan; Burgess,YES
10.1016/j.conb.2009.10.011,rest383,Grillner and Jessell,Grillner and Jessell,,no
10.1016/j.cophys.2019.01.005,rest383,Deska-Gauthier and Zhang,Deska-Gauthier and Zhang,,no
10.1007/bf00227094,rest383,Yang et al.,Yang,Stein; James,YES
10.1007/978-3-030-41878-6_9,rest383,Donkelaar,Donkelaar,,no
__key__U4KVP3VD,rest383,Guertin et al.,Guertin,Angel; Perreault; McCrea,YES
10.1152/jn.00718.2011,rest383,Hellekes et al.,Hellekes,Blincow; Hoffmann; Büschges,YES
10.1016/s0006-8993(96)00977-8,rest383,Stephens and Yang,Stephens and Yang,,no
__key__RWAYBADP,rest383,Herr et al.,Herr,Han; Barnhart; Casler,YES
10.1016/j.conb.2015.01.011,rest383,Drew and Marigold,Drew and Marigold,,no
10.1016/s0966-6362(98)00010-1,rest383,Crommert et al.,Van de Crommert,Mulder; Duysens,YES
10.1111/j.1749-6632.1998.tb09062.x,rest383,Dimitrijevi─ç et al.,Dimitrijević,Gerasimenko; Pinter,YES
10.1016/j.conb.2023.102763,rest383,Dougherty,Dougherty,,no
10.1007/978-3-030-64313-3_7,rest383,Deng et al.,Deng,Szczecinski; Hunt; Chiel; Quinn,YES
__key__Z3CWS2MG,rest383,Quinn and Espenschied,Quinn and Espenschied,,no
10.1152/jn.01300.2004,rest383,Gregor et al.,Gregor,Smith; Prilutsky,YES
10.1016/j.neuron.2013.02.007,rest383,Bui et al.,Bui,Akay; Loubani; Hnasko; Jessell; Brownstone,YES
10.1016/s0959-4388(98)80121-9,rest383,Beer et al.,Beer,Chiel; Quinn; Ritzmann,YES
10.1038/nature10538,rest383,Tripodi et al.,Tripodi,Stepien; Arber,YES
10.1111/j.1469-7793.2000.t01-1-00549.x,rest383,Quevedo et al.,Quevedo,Fedirchuk; Gosgnach; McCrea,YES
10.1007/s00422-011-0446-6,rest383,Daun-Gruhn and B├╝schges,Daun-Gruhn and Büschges,,YES
10.1016/s0896-6273(03)00353-2,rest383,Butt and Kiehn,Butt and Kiehn,,no
10.1007/bf00229406,rest383,Pratt et al.,Pratt,Chanaud; Loeb; Macpherson,YES
10.1523/jneurosci.2005-13.2013,rest383,Borowska et al.,Borowska,Jones; Zhang; Blacklaws; Goulding,YES
10.1038/nn.4077,rest383,Brooks et al.,Brooks,Carriot; Cullen,YES
10.1016/j.clinph.2010.01.039,rest383,Knikou,Knikou,,no
10.1098/rstb.2006.1889,rest383,Rossignol,Rossignol,,no
10.1111/j.1748-1716.1969.tb04415.x,rest383,Engberg and Lundberg,Engberg and Lundberg,,no
10.1007/978-3-319-95972-6_57,rest383,Young et al.,Young,Hunt; Quinn,YES
10.1152/jn.1999.81.4.1856,rest383,Hess and B├╝schges,Hess and Büschges,,YES
10.1152/jn.00888.2005,rest383,Duysens,Duysens,,no
10.1007/s00422-020-00851-9,rest383,WebsterΓÇÉWood et al.,Webster‐Wood,Webster-Wood; Gill; Thomas; Chiel,YES
__key__BKJBDFLY,rest383,Perreault et al.,Perreault,Guertin; McCrea,YES
10.3389/fncel.2019.00452,rest383,Li et al.,Li,Garcia-Ramirez; Dougherty,YES
10.1152/jn.01177.2006,rest383,Guevremont et al.,Guevremont,Norton; Mushahwar,YES
10.1152/jn.00891.2006,rest383,Musselman and Yang,Musselman and Yang,,no
10.14288/1.0071394,rest383,Klarner,Klarner,,no
10.1007/978-1-4939-3267-2_10,rest383,Prilutsky et al.,Prilutsky,Klishko; Weber; Lemay,YES
10.1007/978-94-010-0870-9_20,rest383,Duysens,Duysens,,no
10.1152/jn.1977.40.4.737,rest383,Duysens,Duysens,,no
10.1152/jn.1994.71.6.2074,rest383,Kriellaars et al.,Kriellaars,Brownstone; Noga; Jordan,YES
__key__5GD7MT35,rest383,Herr et al.,Herr,Martinez-Villalpando; Weber,YES
10.1016/s0079-6123(08)60803-1,rest383,Lundberg,Lundberg,,no
__key__J7R2GK58,rest383,Stein et al.,Stein,Misiaszek; Pearson,YES
10.1109/lcsys.2018.2871126,rest383,Hilts et al.,Hilts,Szczecinski; Quinn; Hunt,YES
10.1152/jn.00176.2005,rest383,Quevedo et al.,Quevedo,Stecina; McCrea,YES
10.1007/bf00235825,rest383,Fleshman et al.,Fleshman,Lev-Tov; Burke,YES
10.1007/s00422-019-00811-y,rest383,Naris et al.,Naris,Szczecinski; Quinn,YES
10.1016/j.neuron.2013.08.015,rest383,Dougherty et al.,Dougherty,Zagoraiou; Satoh; Rozani; Doobar; Arber; Jessell; Kiehn,YES
10.1007/s00422-003-0449-z,rest383,Yakovenko et al.,Yakovenko,Gritsenko; Procházka,YES
10.1002/cne.20711,rest383,├ülvarez et al.,Álvarez,Jonas; Sapir; Hartley; Berrocal; Geiman; Todd; Goulding,YES
10.1111/j.1749-6632.1998.tb09040.x,rest383,Jordan,Jordan,,no
10.1007/s11055-023-01357-0,rest383,Veshchitskii et al.,Veshchitskii,Lyakhovetskii; Gorskii; Musienko; Merkulyeva,YES
10.1088/1741-2560/9/4/046011,rest383,Klein and Lewis,Klein and Lewis,,no
__key__EFAKJFLV,rest383,Herr et al.,Herr,Casler; Han,YES
10.1007/978-3-319-12913-6_8,rest383,Wyart and Knafo,Wyart and Knafo,,no
10.1152/physrev.00028.2005,rest383,Rossignol et al.,Rossignol,Dubuc; Gossard,YES
10.1016/j.brainresrev.2007.06.022,rest383,Jankowska,Jankowska,,no
10.1523/jneurosci.0816-20.2020,rest383,Harnie et al.,Harnie,Audet; Klishko; Doelman; Prilutsky; Frigon,YES
10.1152/jn.1990.64.3.756,rest383,Buford and Smith,Buford and Smith,,no
10.1007/978-3-030-64313-3_30,rest383,Sedlackova et al.,Sedlackova,Szczecinski; Quinn,YES
10.1038/nrn2608,rest383,Goulding,Goulding,,no
10.1152/jn.1993.70.3.1009,rest383,Pearson and Collins,Pearson and Collins,,no
10.1016/0006-8993(80)90207-3,rest383,Perret and Cabelguen,Perret and Cabelguen,,no
__key__KM9WZR6N,rest383,Smith et al.,Smith,Prilutsky; Klishko; Farrell; Beloozerova; Latash; Boris; Birn-Jeffery; Higham,YES
10.1152/jn.00658.2017,rest383,Bidaye et al.,Bidaye,Bockemühl; Büschges,YES
10.1007/bf00239728,rest383,Duysens and Stein,Duysens and Stein,,no
10.1152/jn.1998.79.4.1687,rest383,CarlsonΓÇÉKuhta et al.,Carlson‐Kuhta,Carlson-Kuhta; Trank; Smith,YES
10.1113/jphysiol.1987.sp016676,rest383,Edgley and Jankowska,Edgley and Jankowska,,no
10.1152/jn.1987.57.1.56,rest383,Pratt and Jordan,Pratt and Jordan,,no
10.1016/j.neuroscience.2020.05.008,rest383,Akay,Akay,,no
__key__74B83GN8,rest383,Orlovski─¡ et al.,Orlovskiĭ,Deliagina; Grillner,YES
__key__CXC3BT59,rest383,Hamade,Hamade,,no
10.1002/9781118873397.ch9,rest383,Edwards and Prilutsky,Edwards and Prilutsky,,no
10.1152/jn.00194.2019,rest383,LaPallo et al.,LaPallo,Giorgi; Perreault,YES
10.21203/rs.3.rs-153297/v1,rest383,Sutton et al.,Sutton,Szczecinski; Quinn; Chiel,YES
10.1152/jn.00020.2021,rest383,Hachmann et al.,Hachmann,Yousak; Wallner; Gad; Edgerton; Gorgey,YES
10.7554/elife.04718,rest383,Britz et al.,Britz,Zhang; Grossmann; Dyck; Kim; Dymecki; Gosgnach; Goulding,YES
10.1038/nrn1137,rest383,Grillner,Grillner,,no
10.1152/jn.2001.86.1.447,rest383,Burke et al.,Burke,Degtyarenko; Simon,YES
10.1113/jphysiol.1995.sp020897,rest383,McCrea et al.,McCrea,Shefchyk; Stephens; Pearson,YES
__key__DL3YQSCA,rest383,Herr,Herr,,no
10.1152/jn.1980.44.5.1024,rest383,Duysens and Loeb,Duysens and Loeb,,no
10.1088/1748-3190/ac28ea,rest383,Goldsmith et al.,Goldsmith,Quinn; Szczecinski,YES
10.1016/s0021-9290(01)00187-7,rest383,Duysens et al.,Duysens,van de Crommert; Smits-Engelsman; van der Helm,YES
10.1111/j.1748-1716.1967.tb03637.x,rest383,Jankowska et al.,Jankowska,Jukes; Lund; Lundberg,YES
10.3390/ijms22031394,rest383,Ran─ìi─ç et al.,Rančić and Gosgnach,,YES
__key__ZX7PHMHY,rest383,Herr et al.,Herr,Endo; Krishnaswamy; Markowitz; Eilenberg; Wang,YES
10.1007/s00422-017-0711-4,rest383,Szczecinski et al.,Szczecinski,Hunt; Quinn,YES
10.1152/jn.00909.2004,rest383,Langlet et al.,Langlet,Leblond; Rossignol,YES
10.1007/978-1-62703-197-4_8,rest383,Frigon,Frigon,,no
10.1002/jnr.24791,rest383,Merlet et al.,Merlet,Harnie; Macovei; Doelman; Gaudreault; Frigon,YES
10.1152/jn.00310.2020,rest383,Klishko et al.,Klishko,Akyildiz; Mehta-Desai; Prilutsky,YES
10.1152/jn.01028.2009,rest383,Frigon et al.,Frigon,Sirois; Gossard,YES
10.1152/jn.01271.2003,rest383,Akay et al.,Akay,Haehn; Schmitz; Büschges,YES
10.1152/jn.00497.2017,rest383,Vincent et al.,Vincent,Gabriel; Deardorff; Nardelli; Fyffe; Burkholder; Cope,YES
10.1002/cphy.cp010226,rest383,Grillner,Grillner,,no
10.1152/jn.00204.2023,rest383,Dubuc et al.,Dubuc,Cabelguen; Ryczko,YES
10.1016/0006-8993(78)90363-3,rest383,Schomburg and Behrends,Schomburg and Behrends,,no
10.1007/978-3-319-09435-9_15,rest383,Klein et al.,Klein,Szczecinski; Ritzmann; Quinn,YES
10.1113/jphysiol.1996.sp021538,rest383,Angel et al.,Angel,Guertin; Jimenez; McCrea,YES
10.1038/nn.2482,rest383,H├ñgglund et al.,Hägglund,Borgius; Dougherty; Kiehn,YES
10.7554/elife.98841,digest20,,Rybak,Shevtsova; Markin; Prilutsky,(was blank)
10.7554/elife.103504,digest20,,Rybak,Shevtsova; Audet; Yassine,(was blank)
10.1152/jn.00104.2024,digest20,,Harnie,Al; Mari; Yassine,(was blank)
10.1113/jp286151,digest20,,Mari,Lecomte; Merlet; Audet,(was blank)
10.1113/jp286808,digest20,,Mari,Lecomte; Merlet; Audet,(was blank)
10.1016/j.neunet.2024.106422,digest20,,Zhu,Han; Yu; Wang,(was blank)
10.1098/rsos.240207,digest20,,Molkov,Yu; Ausborn; Bouvier,(was blank)
10.1152/jn.00248.2023,digest20,,Refy,Blanchard; Miller-Peterson; Dalrymple,(was blank)
10.3389/fncir.2023.1235181,digest20,,Chacon,Nwachukwu; Shahsavani; Cowley,(was blank)
10.1016/j.cub.2023.07.014,digest20,,Laflamme,Markin; Deska-Gauthier; Banks,(was blank)
10.1371/journal.pcbi.1012101,digest20,,Pazzaglia,Bicanski; Ferrario; Arreguit,(was blank)
10.1371/journal.pcbi.1013494,digest20,,Severini and Muñoz,,(was blank)
10.1016/j.cub.2025.09.030,digest20,,Toscano,Evtushenko; Giomi; Santuz,(was blank)
10.1016/j.expneurol.2023.114496,digest20,,Danner,Shepard; Hainline; Shevtsova,(was blank)
10.1523/jneurosci.2015-22.2023,digest20,,Giorgi,Cer; Mohan; Perreault,(was blank)
10.1007/s00422-023-00970-z,digest20,,Kohler,Röhrbein; Knoll; Albu-Schäffer,(was blank)
10.1038/s42003-024-06843-w,digest20,,Arai,Ota; Funato; Tsuchiya,(was blank)
10.1152/jn.00331.2025,digest20,,Yassine,Audet; Lecomte; Mari,(was blank)
10.1101/2025.11.11.687930,digest20,,Shinohara,Ambe; Kim; Mano,(was blank)
10.7554/elife.107480,digest20,,Shevtsova,Lockhart; Rybak,(was blank)
