key,record_id,status,detail
JMJIQ9ZZ,rec7FBx5woaWolX0i,ok size=7330277,JMJIQ9ZZ.pdf
6CEVM6YE,rec00Fih3nO6FmfNV,ok size=5083616,6CEVM6YE.pdf
6NIJ7VIE,rec3fLgtC69pKIljl,NO-LOCAL-PDF,
8YCE28D9,recDoc59f9eBJy5Af,ok size=2255151,8YCE28D9.pdf
4HP4LJDQ,rec54bBKJSjsVkg60,ok size=2748892,4HP4LJDQ.pdf
6Z7RBVRC,recVOknfb17E9AxjJ,ok size=10447665,6Z7RBVRC.pdf
PXUSZ7NR,recRtx7hS4xPDLv4P,ok size=1131789,PXUSZ7NR.pdf
ZYA3GGJF,recJhNrjI9iPIJB1E,ok size=6374651,ZYA3GGJF.pdf
SUEWLVPW,rec4QLIO1aXeQFced,ok size=2160682,SUEWLVPW.pdf
E3U29CXK,recwy6OuthAArEsQ9,ok size=1014937,E3U29CXK.pdf
R29RM7JI,recx0HOyhL3E7SkL2,ok size=674159,R29RM7JI.pdf
WGZSJTQH,rec00oIejxpXTzNt9,ok size=5370962,WGZSJTQH.pdf
TQYBQQUG,recKcZ0SBPTxJu485,ok size=5638483,TQYBQQUG.pdf
TBHKUUAK,recRqtgGMEHCYFJ4t,ok size=6351796,TBHKUUAK.pdf
FNQCAAU7,recPnKgpWB1oLiyWJ,ok size=9150363,FNQCAAU7.pdf
4S96Y3FG,recUDAo88KmPkHNdT,ok size=4618979,4S96Y3FG.pdf
BLL4S52K,recFsVAudLXpREicY,ok size=2255978,BLL4S52K.pdf
IZ2IA2ML,recWgf8LP7dtq1UPZ,ok size=3258161,IZ2IA2ML.pdf
7ZJV4GTK,rec92HUnN53mhFrCc,ok size=3018755,7ZJV4GTK.pdf
