doi,title,staged_title_match,zot_user_key,zot_user_pdf,zot_group_key,zot_group_pdf,airtable_id,airtable_has_file,Downloaded,Attached
10.1002/9781118133880.hop203007,Comparative Locomotor Systems,,,FALSE,,FALSE,recrLp5Yn36F0aMt2,no,x -> attached,y 2026-09-16
10.1002/9781118873397.ch12,"Muscle, Biomechanics, and Implications for Neural Control",,,FALSE,,FALSE,recMLbRa9efnWHXEx,no,x -> attached,y 2026-09-16
10.1002/9781118873397.ch9,Sensory Feedback in the Control of Posture and Locomotion,,,FALSE,,FALSE,recyIH6OhD7EnhIy6,no,x -> attached,y 2026-09-16
10.1002/cphy.c100086,Sensory Systems in the Control of Movement,,,FALSE,,FALSE,recJ3ZtAYEvlGiThj,no,x -> attached,y 2026-09-16
10.1002/cphy.cp010226,"Control of Locomotion in Bipeds, Tetrapods, and Fish",,,FALSE,,FALSE,recLKbcEm4la8JtDV,no,x -> attached,y 2026-09-16
10.1002/cphy.cp120103,Proprioceptive Feedback and Movement Regulation,,,FALSE,,FALSE,recXastPRIyZzzaN1,no,x -> attached,y 2026-09-16
10.1002/cphy.cp120105,Neural Control of Stereotypic Limb Movements,,,FALSE,,FALSE,recgzIOzQxO3lmhT2,no,x -> attached,y 2026-09-16
10.1002/jmor.1051410102,The cat step cycle: Hind limb joint angles and muscle lengths during unrestraine,,,FALSE,,FALSE,recms0RLDKCq2z6is,no,x -> attached,y 2026-09-16
10.1007/978-0-387-77064-2_36,The Implications of Force Feedback for the ╬╗ Model,,,FALSE,,FALSE,recvuLXfmP2ns7vAO,no,x -> attached,y 2026-09-16
10.1007/978-1-0716-1006-0_758,Vertebrate Pattern Generation: Overview,,,FALSE,,FALSE,reckgJeVmfQqcEZhs,no,"Chapter of ""Encyclopedia of Computational neuroscience, 2nd Edition""",
10.1007/978-1-4614-7320-6_49-2,Two-Level Model of Mammalian Locomotor CPG,,,FALSE,,FALSE,recDSLrNhTr2NsyMo,no,no,
10.1007/978-1-4615-0713-0_40,The Role of Proprioceptive Feedback in the Regulation and Adaptation of Locomoto,,,FALSE,,FALSE,rec9QuN0QkmKaK8nF,yes,x -> attached,y 2026-09-16
10.1007/978-1-4757-0964-3,Neural control of locomotion,,,,,FALSE,recyLcXLiTOHjMQue,no,no,
10.1007/978-1-4757-0964-3_21,Function of Segmental Reflexes in the Control of Stepping in Cockroaches and Cat,,,,,FALSE,recq4D7mpZmWJIdAz,no,x -> attached,y 2026-09-16
10.1007/978-1-4939-3267-2_10,Computing Motion Dependent Afferent Activity During Cat Locomotion Using a Forwa,,,,,FALSE,recEnR0pqtUweSuQz,no,x -> attached,y 2026-09-16
10.1007/978-1-4939-3267-2_8,Neuromusculoskeletal Modeling for the Adaptive Control of Posture During Locomot,,,,,,recJ988LEyoLACI7e,no,x -> attached,y 2026-09-16
10.1007/978-1-62703-197-4_8,The Cat Model of Spinal Cord Injury,,,FALSE,,,recJtJy4Wyyr4Lyjv,no,x -> attached,y 2026-09-16
10.1007/978-3-030-24741-6_34,Analyzing the Interplay Between Local CPG Activity and Sensory Signals for Inter,,,FALSE,,,recwIiaV3T7VT6UtQ,no,x -> attached,y 2026-09-16
10.1007/978-3-030-41878-6_9,Motor Systems,,,,,FALSE,recVXrmH9NwbZIb2Z,no,no,
10.1007/978-3-030-64313-3_12,Robotics Application of a Method for Analytically Computing Infinitesimal Phase ,,,,,FALSE,rec30h0ZO39QemhM4,no,no,
10.1007/978-3-030-64313-3_30,A Synthetic Nervous System Model of the Insect Optomotor Response,,,,,FALSE,rec2BZRpatIkJvjp0,no,no,
10.1007/978-3-030-64313-3_38,Using Animatlab for Neuromechanical Analysis: Linear Hill Parameter Calculation,,,,,FALSE,recx8H3sgNvo0E3rK,no,no,
10.1007/978-3-030-64313-3_7,Kinematic and Kinetic Analysis of a Biomechanical Model of Rat Hind Limb with Bi,,,,,FALSE,recE58oyIqSq818ko,no,no,
10.1007/978-3-319-09435-9_15,Simulated Neural Dynamics Produces Adaptive Stepping and Stable Transitions in a,,,,,FALSE,recC76WYNaaRhRz3f,no,x -> attached,y 2026-09-16
10.1007/978-3-319-09435-9_26,Neuromechanical Mantis Model Replicates Animal Postures via Biological Neural Mo,,,,,FALSE,recNw2LUeZ0JpVsek,no,no,
10.1007/978-3-319-12913-6_8,"Sensorimotor Integration in the Spinal Cord, from Behaviors to Circuits: New Too",,,FALSE,,,recJu69EFjimiXgh1,no,x -> attached,y 2026-09-16
10.1007/978-3-642-31525-1_4,A Soft-Body Controller with Ubiquitous Sensor Feedback,,,,,FALSE,recUT6zMfwDnmCJSX,no,,
10.1007/978-94-010-0870-9_20,Load Detectors and Their Reflexes During Gait in Cat and Man,,,,,FALSE,rece3okHaUWzAhj9Q,no,,
10.1007/bf00204048,A model of the neuro-musculo-skeletal system for human locomotion,,,,,FALSE,recLletXmaXDZQutA,no,,
10.1007/bf00227094,Contribution of peripheral afferents to the activation of the soleus muscle duri,,,,,FALSE,rechPjLTzHpL5JYzS,no,,
10.1007/bf00228156,Activity of interneurons within the L4 spinal segment of the cat during brainste,,,FALSE,,,recsA05QaEgbSWsbo,no,,
10.1007/bf00228410,Transmission in a locomotor-related group Ib pathway from hindlimb extensor musc,,,,,FALSE,recJxL69hcXETbH84,yes,,
10.1007/bf00229406,Functionally complex muscles of the cat hindlimb. I. Patterns of activation acro,,,,,FALSE,recKW2KMXXHAHCpKi,no,,
10.1007/bf00229407,Functionally complex muscles of the cat hindlimb. IV. Intramuscular distribution,,,,,FALSE,rec5sjYrRbJ9t4e20,no,,
10.1007/bf00230939,Entrainment of the locomotor rhythm by group Ib afferents from ankle extensor mu,,,,,FALSE,rec4IaJpno8mSncUd,no,,
10.1007/bf00231254,Gating and reversal of reflexes in ankle muscles during human walking,,,,,FALSE,recRsTA1RaPWpafjV,no,,
10.1007/bf00231657,"Low-threshold, short-latency cutaneous reflexes during fictive locomotion in the",,,,,FALSE,recLuYXbI1HoROtsh,no,,
10.1007/bf00235825,Peripheral and Central Control of Flexor Digitorum Longus and Flexor Hallucis Lo,,,,,FALSE,rechvWFPMbJbOKC2P,no,,
10.1007/bf00235875,The distal hindlimb musculature of the cat. Cutaneous reflexes during locomotion,,,,,FALSE,recvsl6lITN7WTHyY,no,,
10.1007/bf00236206,The role of Renshaw cells in locomotion: antagonism of their excitation from mot,,,FALSE,,,recI3QJS6rddKdgQH,no,,
10.1007/bf00237937,Neuromuscular responses to gait perturbations in freely moving cats.,,,,,FALSE,reccJgmdGOaUVdO0n,no,,
10.1007/bf00239728,Reflexes induced by nerve stimulation in walking cats with implanted cuff electr,,,,,FALSE,recdCMMutPJcggx9A,no,,
10.1007/bf00241961,Stimulation of the group I extensor afferents prolongs the stance phase in walki,,,,,FALSE,recih7yOrlandW0mo,no,,
10.1007/bf00249807,Proprioceptive input resets central locomotor rhythm in the spinal cat.,,,,,FALSE,recrOx4g9ML2vRiDP,yes,,
10.1007/pl00007977,Generation of human bipedal locomotion by a bio-mimetic neuro-musculo-skeletal m,,,,,FALSE,recmkSPf9bTo465ER,no,,
10.1007/s002210050522,Flexor reflex afferents reset the step cycle during fictive locomotion in the ca,,,,,FALSE,rec0Y7IJ9rNh4reiU,no,,
10.1007/s002210050847,The use of state-dependent modulation of spinal reflexes as a tool to investigat,,,,,FALSE,rec5TrEW6v3HlB4bx,no,,
10.1007/s00422-003-0449-z,Contribution of stretch reflexes to locomotor control: a modeling study,,,FALSE,,,recDGA2Yt2ZU5pYhG,no,,
10.1007/s00422-006-0129-x,Experiments and models of sensorimotor interactions during locomotion,,,,,FALSE,recYNXjJEH4sr5u1v,no,,
10.1007/s00422-011-0446-6,From neuron to behavior: dynamic equation-based prediction of biological process,,,,,FALSE,recAPvL2Lqs8OGZT2,no,,
10.1007/s00422-017-0726-x,Leg-local neural mechanisms for searching and learning enhance robotic locomotio,,,,,FALSE,rechOTg6oKWMbHpYM,no,,
10.1007/s00422-019-00811-y,A neuromechanical model exploring the role of the common inhibitor motor neuron ,,,,,FALSE,recDBS8FWkbL8ogi1,no,,
10.1007/s00422-023-00970-z,The Bcm rule allows a spinal cord model to learn rhythmic movements,,,,,FALSE,recafnPacssmJFhBt,yes,,
10.1007/s11055-023-01357-0,What Can Bidirectional Walking Tell Us about Central Pattern Generators?,,,,,FALSE,reclN5HTDt1mlKkYP,no,,
10.1007/s11062-022-09927-7,Spinal Cord Circuits: Models and Reality,,,,,FALSE,recsbR2br5sfnbbs1,no,,
10.1016/0006-8993(72)90007-8,Activity of vestibulospinal neurons during locomotion.,,,,,FALSE,rec2h1B7gvrjFk4I4,no,,
10.1016/0006-8993(75)91013-6,Phase dependent reflex reversal during walking in chronic spinal cats,,,,,,rec4MUsc5QYbLQO93,no,,
10.1016/0006-8993(77)90710-7,Phasic gain control of reflexes from the dorsum of the paw during spinal locomot,,,FALSE,,,rec7w9deKMq9UhqqA,no,,
10.1016/0006-8993(78)90363-3,The possibility of phase-dependent monosynaptic and polysynaptic la excitation t,,,FALSE,,,recgA8OcMZa9kUyIK,no,,
10.1016/0006-8993(78)90493-6,Phasic gain control of the transmission in cutaneous reflex pathways to motoneur,,,,,FALSE,recixAt9kK5B0uIFY,no,,
10.1016/0006-8993(78)90973-3,On the initiation of the swing phase of locomotion in chronic spinal cats.,,,,,FALSE,recyqCjQ3Ha4n9k1r,no,,
10.1016/0006-8993(80)90206-1,Inhibition of flexor burst generation by loading ankle extensor muscles in walki,,,,,FALSE,recIzSEo9c2ncsgD0,yes,,
10.1016/0006-8993(80)90207-3,Main characteristics of the hindlimb locomotor cycle in the decorticate cat with,,,,,,rec6Fd1OrPbNA2Yl0,no,,
10.1016/0006-8993(87)91442-9,Recovery of locomotion after chronic spinalization in the adult cat,,,FALSE,,,rec1F20efUKE33q3J,no,,
10.1016/0006-8993(90)90334-8,Phase-dependent modulation of primary afferent depolarization in single cutaneou,,,FALSE,,,recGNWivbxaXIUKPy,no,,
10.1016/0006-8993(93)90903-z,Increased amplitude of cutaneous reflexes during human running as compared to st,,,,,FALSE,rec4wsaohmzllMnjR,no,,
10.1016/0014-4886(86)90094-4,Effects of training on the recovery of full-weight-bearing stepping in the adult,,,,,FALSE,rechGVHGYGpWwZcj1,no,,
10.1016/0301-0082(86)90021-3,Supraspinal contributions to the initiation and control of locomotion in the cat,,,,,,rec1fq8mn2oqPeLiQ,no,,
10.1016/0301-0082(89)90004-x,Sensorimotor gain control: a basic strategy of motor systems?,,,FALSE,,,rechwG5sqO2oFRKac,no,,
10.1016/0301-0082(96)00028-7,CONTROL OF LOCOMOTION IN THE DECEREBRATE CAT,,,,,FALSE,recnVguZj3aWIqBez,no,,
10.1016/0304-3940(77)90187-2,Phase-dependent transmission in the excitatory propriospinal reflex pathway from,,,,,FALSE,recOx68YKAQvYBUZD,no,,
10.1016/0921-8890(96)00003-6,Biologically based distributed control and local reflexes improve rough terrain ,,,,,FALSE,recoXjlr0wJyemMrM,no,,
10.1016/0959-4388(94)90139-2,Spinal pattern generation,,,,,FALSE,reclVERvbshs0fFlf,no,,
10.1016/0959-4388(95)80107-3,Proprioceptive regulation of locomotion.,,,,,FALSE,recWxAmum8kwHL5uD,no,,
10.1016/b978-0-08-026814-9.50025-9,HALF-CENTRES REVISITED,,,,,FALSE,recZHNB1qamUvWY1D,no,,
10.1016/b978-0-12-803766-9.00008-7,Neuromuscular Models for Locomotion,,,,,FALSE,reccbV3L4NG7Kq8ZQ,no,,
10.1016/b978-0-12-805353-9.00098-x,Neuromodulation of the Spinal Cord for Movement Restoration,,,,,FALSE,recU0wgaCIsaD8l2H,no,,
10.1016/b978-0-12-816477-8.00011-9,Using mouse genetics to study the developing spinal locomotor circuit,,,,,,recLkJ2b8tJBQhhQO,no,,
10.1016/b978-0-12-816477-8.00013-2,Fundamental contributions of the cat model to the neural control of locomotion,,,FALSE,,,recq00NfquVrBovNZ,no,,
10.1016/b978-0-444-53825-3.00007-3,Chapter 2--the spinal generation of phases and cycle duration.,,,FALSE,,,recfIKtOOvoPaRCFc,no,,
10.1016/b978-0-444-53825-3.00015-2,Chapter 10--a hierarchical perspective on rhythm generation for locomotor contro,,,,,FALSE,recPOj8x831baOTFR,no,,
10.1016/j.asd.2004.05.002,Dynamic simulation of insect walking.,,,,,FALSE,rec2vnLEhwtLZDpnJ,no,,
10.1016/j.asd.2015.07.001,Force feedback reinforces muscle synergies in insect legs,,,,,FALSE,recdSXsgiaZQQGIQ5,yes,,
10.1016/j.brainresrev.2007.06.028,Organizing network action for locomotion: Insights from studying insect walking.,,,,,FALSE,reck6j3QVhgQs7e0Y,yes,,
10.1016/j.brainresrev.2007.07.016,Initiation of locomotion in lampreys.,,,,,,recQKYXn4Tb62Xi80,no,,
10.1016/j.clinph.2010.01.039,Neural control of locomotion and training-induced plasticity after spinal and ce,,,FALSE,,,rechb1DliCuuKLIy7,no,,
10.1016/j.conb.2015.01.011,Taking the next step: cortical contributions to the control of locomotion,,,FALSE,,,recC8F0zHHvXzceS9,no,,
10.1016/j.conb.2023.102763,Distinguishing subtypes of spinal locomotor neurons to inform circuit function a,,,,,FALSE,reczNMi3ShsgXP5bR,no,,
10.1016/j.cophys.2019.01.005,The functional diversity of spinal interneurons and locomotor control,,,,,FALSE,reca9u3Nw2ixEPeW3,no,,
10.1016/j.cub.2023.07.014,Distinct roles of spinal commissural interneurons in transmission of contralater,,,,,FALSE,recIjP2Mi5teZyaov,no,,
10.1016/j.cub.2025.09.030,A spinal circuit for skilled locomotion,,,,,FALSE,recRmBChe7Lolwn0F,no,,
10.1016/j.expneurol.2023.114496,Spinal control of locomotion before and after spinal cord injury,,,,,FALSE,recHoAYp5AUdgYEZA,no,,
10.1016/j.neunet.2024.106422,A spinal circuit model with asymmetric cervical-lumbar layout controls backward ,,,,,FALSE,rec1Q4YaKntrUybgY,no,,
10.1016/j.neuroscience.2020.05.008,Sensory Feedback Control of Locomotor Pattern Generation in Cats and Mice.,,,,,FALSE,recfjnlS1Vy7XmC5v,no,,
10.1016/j.neuroscience.2022.10.009,Intra-muscle Synergies Stabilizing Reflex-mediated Force Changes,,,,,,rec6biPs0jRaVO5Wj,yes,,
10.1016/j.pneurobio.2004.04.003,Restoring walking after spinal cord injury.,,,FALSE,,,recxpMrPwyWb8Qwnf,no,,
10.1016/j.pneurobio.2006.04.001,"Spinal reflexes, mechanisms and concepts: from Eccles to Lundberg and beyond.",,,FALSE,,,recyWbN0VMRB86b0W,no,,
10.1016/s0006-8993(96)00977-8,"Short latency, non-reciprocal group I inhibition is reduced during the stance ph",,,,,FALSE,rec94az0ZKrkZnjRb,no,,
10.1016/s0021-9290(01)00187-7,A walking robot called human: lessons to be learned from neural control of locom,,,,,FALSE,recQTXZrLF3QI8qUo,no,,
10.1016/s0065-2806(07)34004-6,Mechanosensory Feedback in Walking: From Joint Control to Locomotor Patterns,,,,,FALSE,recBG7nKHyAasniee,no,,
10.1016/s0074-7742(05)69005-8,The Motor Circuit,,,,,FALSE,recrZGsaVKPx35Xdx,no,,
10.1016/s0079-6123(03)43011-2,The central pattern generator for forelimb locomotion in the cat.,,,,,FALSE,recGotUqen6qle1Xx,no,,
10.1016/s0079-6123(03)43012-4,Generating the walking gait: role of sensory feedback.,,,,,FALSE,recPLQoxghgCY0bTV,no,,
10.1016/s0079-6123(06)57016-5,Functional plasticity following spinal cord lesions.,,,,,FALSE,recxImUtZqHMAo2HI,no,,
10.1016/s0079-6123(08)60803-1,Multisensory control of spinal reflex pathways.,,,,,FALSE,recovIoTNW4vuQZGL,no,,
10.1016/s0165-0173(98)00006-x,Pattern generation for stick insect walking movements-multisensory control of a ,,,,,FALSE,recm4QfxeuEDhYkqj,no,,
10.1016/s0165-0173(99)00008-9,Tapping into spinal circuits to restore motor function.,,,FALSE,,,rec3wynmDwk03ghmF,no,,
10.1016/s0301-0082(98)00081-1,What functions do reflexes serve during human locomotion,,,,,FALSE,recgQ4H7oES3zg5BT,no,,
10.1016/s0959-4388(98)80121-9,Biorobotic approaches to the study of motor systems,EPREWM23,,,,FALSE,recW2QvwSd3rFpEda,no,,
10.1016/s0966-6362(99)00052-1,Significance of load receptor input during locomotion: a review,,,FALSE,,,recoHY3E3DH3IDrrk,no,,
10.1016/s1044-5765(05)80026-0,Intralimb and interlimb coordination in the cat during real and fictive rhythmic,,,,,FALSE,recL76G0gYf4vpMdc,no,,
10.1023/a:1008920021246,Evolution and analysis of model CPGs for walking: II. General principles and ind,,,,,FALSE,recKReYulMiZYASzW,no,,
10.1023/a:1012478704769,Toward Mission Capable Legged Robots through Biological Inspiration,,,,,FALSE,recThz11CiB6EUFHp,no,,
10.1038/35049541,Neuronal specification in the spinal cord: inductive signals and transcriptional,,,,,FALSE,recmtKi7BqBJSH9my,no,,
10.1038/nature10538,Motor antagonism exposed by spatial segregation and timing of neurogenesis,,,,,FALSE,recnBgLt46yZT88vr,no,,
10.1038/nn.2482,Activation of groups of excitatory neurons in the mammalian spinal cord or hindb,,,,,FALSE,recReVnXs3hCCtqO9,no,,
10.1038/nrn1137,The Motor Infrastructure: From Ion Channels to Neuronal Networks,,,,,FALSE,reciZVkBWqUWWFOKM,no,,
10.1038/s42003-024-06843-w,Interlimb coordination is not strictly controlled during walking,,,,,FALSE,recenxdRrnk3ydqyg,yes,,
10.1088/1748-3190/10/2/026001,Designing responsive pattern generators: stable heteroclinic channel cycles for ,,,,,FALSE,recA8QvkzC5L06SUk,no,,
10.1088/1748-3190/ab9e52,Neurodynamic modeling of the fruit fly Drosophila melanogaster.,,,,,FALSE,recAKWnUj6OpRdjFH,no,,
10.1093/acprof:oso/9780198524052.001.0001,Neuronal Control of LocomotionFrom Mollusc to Man,,,,,FALSE,recH0svuO344o1Stg,no,,
10.1093/brain/awh252,The human spinal cord interprets velocity-dependent afferent input during steppi,,,,,FALSE,rec7PY2fLq3auXrSs,no,,
10.1098/rsos.240207,Sensory feedback and central neuronal interactions in mouse locomotion,GQXBBP2T;G27U8E3J,,,,FALSE,recCjTyA6Mz9tHw0G,no,,
10.1101/2025.11.11.687930,Mechanisms of adaptive interlimb coordination to sudden ground loss: a neuromusc,3BRM8ZL9,,,,FALSE,recpHeyTiV5C1veLV,no,,
10.1109/robot.1998.676345,Locomotion controller for a crab-like robot,,,,,FALSE,recMSKbabYRY4XZNw,no,,
10.1109/robot.1998.676348,Posture control of a cockroach-like robot,,,,,,recifDtY9KNMQFxmg,no,,
10.1109/robot.2007.363057,Simple Muscle Models Regularize Motion in a Robotic Leg with Neurally-Based Step,,,FALSE,,,reciMpQYelFIO4O02,no,,
10.1109/wcecs.2008.25,Confluence of Active and Passive Control Mechanisms Enabling Autonomy and Terrai,,,FALSE,,,recrqoIcYXHYUVMQy,no,,
10.1111/j.1748-1716.1967.tb03637.x,The Effect of DOPA on the Spinal Cord 6. HalfΓÇÉcentre organization of interneur,,,,,FALSE,recdgjWQ3YWAF4Z2c,no,,
10.1111/j.1748-1716.1969.tb04415.x,An electromyographic analysis of muscular activity in the hindlimb of the cat du,,,,,FALSE,rechFy16bSaCN7BJR,no,,
10.1111/j.1748-1716.1980.tb06534.x,The locomotion of the low spinal cat. II. Interlimb coordination,,,,,FALSE,recBgnEcuiN6cSJBL,no,,
10.1111/j.1748-1716.1981.tb06867.x,Peripheral control of the cat's step cycle I. Phase dependent effects of ramp-mo,,,,,,recPGqPZU3LRiZkX3,no,,
10.1111/j.1748-1716.1983.tb07267.x,Peripheral control of the cat's step cycle. II. Entrainment of the central patte,,,FALSE,,,recZNGVV5CmEzj8R4,no,,
10.1111/j.1748-1716.1984.tb07400.x,The effect of dorsal root transection on the efferent motor pattern in the cat's,,,FALSE,,,recm87GRPXcdaE4ui,no,,
10.1111/j.1748-1716.1985.tb07612.x,Changes in leg movements and muscle activity with speed of locomotion and mode o,,,,,FALSE,reciPlrsknLG29IMe,no,,
10.1111/j.1748-1716.2006.01651.x,Spinal control of locomotion--from cat to man.,,,,,FALSE,recwiZvCGUWWc07KX,no,,
10.1111/j.1749-6632.1998.tb09040.x,Initiation of locomotion in mammals.,,,,,FALSE,recRx7GzrmC60kkDl,no,,
10.1111/j.1749-6632.1998.tb09050.x,Enhancement and Resetting of Locomotor Activity by Muscle Afferentsa,,,,,FALSE,recJkV3069VwELdDY,no,,
10.1111/j.1749-6632.1998.tb09062.x,Evidence for a Spinal Central Pattern Generator in Humansa,,,,,FALSE,reccXh6N1BuE4gy39,no,,
10.1113/jp286151,Changes in intra‐ and interlimb reflexes from hindlimb cutaneous afferents after,,,,,FALSE,rec8MVmUOx1oDk02j,no,,
10.1113/jp286808,Changes in intra‐ and interlimb reflexes from forelimb cutaneous afferents after,,,,,,recB7n3thv2EEgswz,no,,
10.1113/jphysiol.1971.sp009487,Recurrent inhibition from motor axon collaterals of transmission in the Ia inhib,,,FALSE,,,recLQre1rXrmJOLU3,yes,,
10.1117/12.886413,Novel Locomotion via Biological Inspiration,,,FALSE,,,reccqqnP7PstMuQ0j,no,,
10.1126/science.3975635,Neurobiological Bases of Rhythmic Motor Acts in Vertebrates,,,,,FALSE,recFA1PeRSPTv9POu,no,,
10.1139/y04-043,Contribution of sensory feedback to ongoing ankle extensor activity during the s,,,,,FALSE,recUDhhSVfIJ5cJg9,no,,
10.1142/9789813207158_0025,Stimulation of the Spinal Cord for the Control of Walking,,,,,FALSE,recwtr5YFxIZsMLzn,no,,
10.1146/annurev.ne.16.030193.001405,Common Principles of Motor Control in Vertebrates and Invertebrates,,,,,FALSE,recATBxX2a8F6fw7l,no,,
10.1146/annurev.physiol.62.1.723,Neural Adaptation in the Generation of Rhythmic Behavior,,,,,,recG2jrJ4gY7qKHfD,no,,
10.1152/jn.00104.2024,Forelimb movements contribute to hindlimb cutaneous reflexes during locomotion i,,,FALSE,,,recp5dgFg2CMMDQAz,no,,
10.1152/jn.00248.2023,Dynamic spinal reflex adaptation during locomotor adaptation,,,FALSE,,,recZJU3Tv1NeOUDiG,no,,
10.1152/jn.00331.2025,Speed-dependent locomotor adjustments following staggered thoracic lateral hemis,,,,,FALSE,recoNlbHxaPTmt2Rs,no,,
10.1152/jn.00511.2005,A Role for Hip Position in Initiating the Swing-to-Stance Transition in Walking ,JIILMG5E,,,,FALSE,rec8WdUONYgfvw1zw,yes,,
10.1152/jn.1977.40.4.737,Reflex control of locomotion as revealed by stimulation of cutaneous afferents i,,,,,FALSE,rec9DlaMQnKFgSvnW,no,,
10.1152/jn.1979.42.4.936,Stumbling corrective reaction: a phase-dependent compensatory reaction during lo,,,,,FALSE,reclhHfzxQojBL8Jh,no,,
10.1152/jn.1980.44.3.475,Renshaw cell activity and recurrent effects on motoneurons during fictive locomo,,,,,,recrlZYjHX6nPIjO1,no,,
10.1152/jn.1980.44.5.1024,Modulation of ipsi- and contralateral reflex responses in unrestrained walking c,,,FALSE,,,recwbmx3FzNx24bnW,no,,
10.1152/jn.1987.57.1.56,Ia inhibitory interneurons and Renshaw cells as contributors to the spinal mecha,,,FALSE,,,recBowk2bNdwFfR9o,no,,
10.1152/jn.1989.62.5.1177,Intra-axonal recordings of cutaneous primary afferents during fictive locomotion,,,,,FALSE,recPs5aq2lbEr1ozm,no,,
10.1152/jn.1990.64.3.756,Adaptive control for backward quadrupedal walking. II. Hindlimb muscle synergies,,,,,FALSE,recprNyXfPDeyM3RE,no,,
10.1152/jn.1991.66.3.919,Functional organization within the medullary reticular formation of the intact u,,,,,FALSE,recs7rg0c5qeMLkAO,no,,
10.1152/jn.1993.69.6.2232,Activity of medullary reticulospinal neurons during fictive locomotion.,,,,,FALSE,recjsiiIz1XKKqefz,no,,
10.1152/jn.1993.70.3.1009,Reversal of the influence of group Ib afferents from plantaris on activity in me,,,,,FALSE,recwJwjGUkMcf44f6,no,,
10.1152/jn.1993.70.3.1102,Adaptive control for backward quadrupedal walking. III. Stumbling corrective rea,,,,,FALSE,recopsVmxzO6xveyX,no,,
10.1152/jn.1994.71.6.2074,Mechanical entrainment of fictive locomotion in the decerebrate cat.,,,,,FALSE,recHnYpaDZj46nxzi,no,,
10.1152/jn.1996.75.3.1126,Contribution of Hind Limb Flexor Muscle Afferents to the Timing of Phase Transit,,,,,FALSE,recfiz9tzgn955QdA,yes,,
10.1152/jn.90338.2008,Heterogenic Feedback Between Hindlimb Extensors in the Spontaneously Locomoting ,,,,,FALSE,recjOwKww2QHjHMBr,no,,
10.1162/neco.1992.4.3.356,A distributed neural network architecture for hexapod robot locomotion,,,,,,recRT3oLAqSocsheD,no,,
10.1177/0278364903022003003,Parallel Complementary Strategies for Implementing Biological Principles into Mo,,,FALSE,,,recpBUWnia0FWVojx,no,,
10.1177/1073858404264680,Regulation of Arm and Leg Movement during Human Locomotion,,,FALSE,,,recW9N71oxz3FQxwu,no,,
10.1201/9781420038705.ch6,Locomotor Control: From Spring-like Reactions of Muscles to Neural Prediction,MEBLM43R,,,,FALSE,recDNNmx4fL6zAhv1,no,,
10.1371/journal.pcbi.1012101,Balancing central control and sensory feedback produces adaptable and robust loc,,,,,FALSE,recMZoiH13ytYevS7,no,,
10.1371/journal.pcbi.1013494,A physiologically inspired hybrid CPG/Reflex controller for cycling simulations ,,,,,FALSE,recp7yrg2a8E7DgyR,yes,,
10.1515/revneuro-2017-0102,Central pattern generators in the brainstem and spinal cord: an overview of basi,,,,,FALSE,recV3anD1eqvb5qrV,no,,
10.1523/jneurosci.2015-22.2023,Excitatory and Inhibitory Descending Commissural Interneurons Differentially Int,,,,,FALSE,reck2RL4OlhuakV9q,no,,
10.2174/1381612822666161214144655,Probing the Human Spinal Locomotor Circuits by Phasic Step-Induced Feedback and ,,,,,,recuGq3xm0qslYtBg,no,,
10.3389/fncir.2023.1235181,Lumbar V3 interneurons provide direct excitatory synaptic input onto thoracic sy,,,FALSE,,,recEBU9QYruCYKihU,yes,,
10.7554/elife.107480,,,,FALSE,,,recl7iChHRGAfNn1c,no,,
