doi,reason
10.1002/9781118133880.hop203007,no-oa-url
10.1002/9781118873397.ch12,no-oa-url
10.1002/9781118873397.ch9,no-oa-url
10.1002/cne.20711,no-oa-url
10.1002/cne.23904,no-oa-url
10.1002/cphy.c100086,no-oa-url
10.1002/cphy.c170036,no-oa-url
10.1002/cphy.c210020,no-oa-url
10.1002/cphy.cp010226,no-oa-url
10.1002/cphy.cp120103,no-oa-url
10.1002/cphy.cp120105,no-oa-url
10.1002/jmor.1051410102,no-oa-url
10.1002/jnr.24791,no-oa-url
10.1007/978-0-387-77064-2_36,no-oa-url
10.1007/978-1-0716-1006-0_48,no-oa-url
10.1007/978-1-0716-1006-0_758,no-oa-url
10.1007/978-1-4614-7320-6_49-2,no-oa-url
10.1007/978-1-4615-0713-0_40,no-oa-url
10.1007/978-1-4757-0964-3,no-oa-url
10.1007/978-1-4757-0964-3_21,no-oa-url
10.1007/978-1-4939-3267-2_10,no-oa-url
10.1007/978-1-4939-3267-2_12,no-oa-url
10.1007/978-1-4939-3267-2_2,no-oa-url
10.1007/978-1-4939-3267-2_5,no-oa-url
10.1007/978-1-4939-3267-2_8,no-oa-url
10.1007/978-1-62703-197-4_8,no-oa-url
10.1007/978-3-030-24741-6_34,no-oa-url
10.1007/978-3-030-41878-6_9,no-oa-url
10.1007/978-3-030-64313-3_12,no-oa-url
10.1007/978-3-030-64313-3_30,no-oa-url
10.1007/978-3-030-64313-3_38,no-oa-url
10.1007/978-3-030-64313-3_7,no-oa-url
10.1007/978-3-319-09435-9_13,no-oa-url
10.1007/978-3-319-09435-9_15,no-oa-url
10.1007/978-3-319-09435-9_26,no-oa-url
10.1007/978-3-319-12913-6_8,no-oa-url
10.1007/978-3-319-22979-9_21,no-oa-url
10.1007/978-3-319-63537-8_15,no-oa-url
10.1007/978-3-319-95972-6_21,no-oa-url
10.1007/978-3-319-95972-6_57,no-oa-url
10.1007/978-3-642-31525-1_4,no-oa-url
10.1007/978-94-010-0870-9_20,no-oa-url
10.1007/bf00204048,no-oa-url
10.1007/bf00227094,no-oa-url
10.1007/bf00228156,no-oa-url
10.1007/bf00228410,no-oa-url
10.1007/bf00229406,no-oa-url
10.1007/bf00229407,no-oa-url
10.1007/bf00230939,no-oa-url
10.1007/bf00231254,no-oa-url
10.1007/bf00231657,no-oa-url
10.1007/bf00235671,no-oa-url
10.1007/bf00235825,no-oa-url
10.1007/bf00235875,no-oa-url
10.1007/bf00236206,no-oa-url
10.1007/bf00237937,no-oa-url
10.1007/bf00239728,no-oa-url
10.1007/bf00241961,no-oa-url
10.1007/bf00249807,no-oa-url
10.1007/pl00007977,no-oa-url
10.1007/s002210050522,no-oa-url
10.1007/s002210050847,no-oa-url
10.1007/s00359-014-0968-1,no-oa-url
10.1007/s00422-003-0449-z,no-oa-url
10.1007/s00422-006-0129-x,no-oa-url
10.1007/s00422-011-0446-6,no-oa-url
10.1007/s00422-012-0543-1,no-oa-url
10.1007/s00422-013-0573-3,no-oa-url
10.1007/s00422-017-0711-4,no-oa-url
10.1007/s00422-017-0726-x,no-oa-url
10.1007/s00422-019-00811-y,no-oa-url
10.1007/s00422-020-00851-9,oa-url-blocked
10.1007/s10827-008-0124-4,no-oa-url
10.1007/s11055-023-01357-0,no-oa-url
10.1007/s11062-022-09927-7,no-oa-url
10.1016/0006-8993(72)90007-8,no-oa-url
10.1016/0006-8993(75)90401-1,no-oa-url
10.1016/0006-8993(75)90974-9,no-oa-url
10.1016/0006-8993(75)91013-6,no-oa-url
10.1016/0006-8993(77)90710-7,no-oa-url
10.1016/0006-8993(78)90363-3,no-oa-url
10.1016/0006-8993(78)90493-6,no-oa-url
10.1016/0006-8993(78)90973-3,no-oa-url
10.1016/0006-8993(80)90206-1,no-oa-url
10.1016/0006-8993(80)90207-3,no-oa-url
10.1016/0006-8993(87)91442-9,no-oa-url
10.1016/0006-8993(90)90334-8,no-oa-url
10.1016/0006-8993(93)90903-z,no-oa-url
10.1016/0014-4886(86)90094-4,no-oa-url
10.1016/0166-2236(90)90057-h,no-oa-url
10.1016/0166-2236(95)94494-p,no-oa-url
10.1016/0301-0082(86)90021-3,no-oa-url
10.1016/0301-0082(89)90004-x,no-oa-url
10.1016/0301-0082(92)90024-9,no-oa-url
10.1016/0301-0082(96)00028-7,no-oa-url
10.1016/0304-3940(77)90187-2,no-oa-url
10.1016/0921-8890(96)00003-6,no-oa-url
10.1016/0959-4388(94)90139-2,no-oa-url
10.1016/0959-4388(95)80107-3,no-oa-url
10.1016/b978-0-08-026814-9.50025-9,no-oa-url
10.1016/b978-0-12-803766-9.00008-7,no-oa-url
10.1016/b978-0-12-805353-9.00098-x,no-oa-url
10.1016/b978-0-12-816477-8.00011-9,no-oa-url
10.1016/b978-0-12-816477-8.00013-2,no-oa-url
10.1016/b978-0-444-53825-3.00007-3,no-oa-url
10.1016/b978-0-444-53825-3.00015-2,no-oa-url
10.1016/j.asd.2004.05.001,no-oa-url
10.1016/j.asd.2004.05.002,no-oa-url
10.1016/j.asd.2004.05.004,no-oa-url
10.1016/j.asd.2015.07.001,no-oa-url
10.1016/j.brainresbull.2007.03.010,no-oa-url
10.1016/j.brainresrev.2007.06.014,no-oa-url
10.1016/j.brainresrev.2007.06.022,no-oa-url
10.1016/j.brainresrev.2007.06.025,no-oa-url
10.1016/j.brainresrev.2007.06.028,no-oa-url
10.1016/j.brainresrev.2007.07.016,no-oa-url
10.1016/j.brainresrev.2007.08.006,no-oa-url
10.1016/j.brainresrev.2009.08.002,no-oa-url
10.1016/j.celrep.2018.08.095,oa-url-blocked
10.1016/j.clinph.2010.01.039,no-oa-url
10.1016/j.cois.2015.07.004,no-oa-url
10.1016/j.conb.2009.09.002,no-oa-url
10.1016/j.conb.2009.10.011,no-oa-url
10.1016/j.conb.2010.09.004,no-oa-url
10.1016/j.conb.2015.01.011,no-oa-url
10.1016/j.conb.2015.03.001,no-oa-url
10.1016/j.conb.2023.102763,oa-url-blocked
10.1016/j.cophys.2019.01.005,no-oa-url
10.1016/j.cub.2011.05.029,oa-url-blocked
10.1016/j.cub.2016.06.070,oa-url-blocked
10.1016/j.cub.2023.07.014,oa-url-blocked
10.1016/j.cub.2025.09.030,no-oa-url
10.1016/j.expneurol.2023.114496,no-oa-url
10.1016/j.humov.2007.01.005,no-oa-url
10.1016/j.isci.2022.104083,oa-url-blocked
10.1016/j.jneumeth.2010.01.005,no-oa-url
10.1016/j.neunet.2008.03.014,no-oa-url
10.1016/j.neunet.2024.106422,no-oa-url
10.1016/j.neuron.2006.11.008,oa-url-blocked
10.1016/j.neuron.2008.08.009,oa-url-blocked
10.1016/j.neuron.2008.09.027,oa-url-blocked
10.1016/j.neuron.2011.07.011,oa-url-blocked
10.1016/j.neuron.2013.02.007,oa-url-blocked
10.1016/j.neuron.2013.08.015,oa-url-blocked
10.1016/j.neuron.2014.02.013,oa-url-blocked
10.1016/j.neuron.2015.02.042,oa-url-blocked
10.1016/j.neuroscience.2014.12.084,no-oa-url
10.1016/j.neuroscience.2020.05.008,no-oa-url
10.1016/j.neuroscience.2020.09.017,no-oa-url
10.1016/j.neuroscience.2022.10.009,no-oa-url
10.1016/j.pneurobio.2004.04.003,no-oa-url
10.1016/j.pneurobio.2006.04.001,no-oa-url
10.1016/j.robot.2011.12.005,oa-url-blocked
10.1016/j.tins.2006.08.007,no-oa-url
10.1016/s0006-8993(96)00977-8,no-oa-url
10.1016/s0021-9290(01)00187-7,no-oa-url
10.1016/s0065-2806(07)34004-6,no-oa-url
10.1016/s0074-7742(05)69005-8,no-oa-url
10.1016/s0079-6123(03)43011-2,no-oa-url
10.1016/s0079-6123(03)43012-4,no-oa-url
10.1016/s0079-6123(06)57016-5,no-oa-url
10.1016/s0079-6123(06)65015-2,no-oa-url
10.1016/s0079-6123(06)65016-4,no-oa-url
10.1016/s0079-6123(08)60803-1,no-oa-url
10.1016/s0165-0173(98)00006-x,no-oa-url
10.1016/s0165-0173(99)00008-9,no-oa-url
10.1016/s0166-2236(02)02173-2,no-oa-url
10.1016/s0166-2236(03)00073-0,no-oa-url
10.1016/s0301-0082(98)00081-1,no-oa-url
10.1016/s0896-6273(03)00353-2,oa-url-blocked
10.1016/s0925-2312(02)00832-9,no-oa-url
10.1016/s0959-4388(98)80121-9,no-oa-url
10.1016/s0960-9822(01)00581-4,oa-url-blocked
10.1016/s0966-6362(97)00042-8,no-oa-url
10.1016/s0966-6362(98)00010-1,no-oa-url
10.1016/s0966-6362(99)00052-1,no-oa-url
10.1016/s1044-5765(05)80026-0,no-oa-url
10.1016/s1388-2457(03)00120-2,no-oa-url
10.1023/a:1008920021246,no-oa-url
10.1023/a:1012478704769,no-oa-url
10.1038/35049541,no-oa-url
10.1038/5721,no-oa-url
10.1038/nature04545,oa-url-blocked
10.1038/nature10538,no-oa-url
10.1038/nature12286,no-oa-url
10.1038/nn.2482,no-oa-url
10.1038/nn.4077,no-oa-url
10.1038/nrn.2016.9,no-oa-url
10.1038/nrn1137,no-oa-url
10.1038/nrn2608,no-oa-url
10.1038/nrn939,no-oa-url
10.1038/s41467-023-36587-w,no-oa-url
10.1073/pnas.1304365110,no-oa-url
10.1073/pnas.1419045111,no-oa-url
10.1088/1741-2560/9/4/046011,oa-url-blocked
10.1088/1748-3190/10/2/026001,no-oa-url
10.1088/1748-3190/10/4/041001,no-oa-url
10.1088/1748-3190/10/5/055004,oa-url-blocked
10.1088/1748-3190/aa8290,no-oa-url
10.1088/1748-3190/aada54,oa-url-blocked
10.1088/1748-3190/ab9e52,no-oa-url
10.1088/1748-3190/ac1ced,oa-url-blocked
10.1088/1748-3190/ac28ea,no-oa-url
10.1093/acprof:oso/9780198524052.001.0001,no-oa-url
10.1093/brain/119.6.1809,oa-url-blocked
10.1093/brain/awh252,oa-url-blocked
10.1093/brain/awu372,no-oa-url
10.1098/rsif.2012.0669,no-oa-url
10.1098/rsos.240207,oa-url-blocked
10.1098/rspb.1911.0077,no-oa-url
10.1098/rspb.2003.2454,no-oa-url
10.1098/rspb.2017.0290,oa-url-blocked
10.1098/rstb.1999.0441,no-oa-url
10.1098/rstb.2006.1889,no-oa-url
10.1098/rstb.2009.0322,no-oa-url
10.1109/lcsys.2018.2871126,oa-url-blocked
10.1109/robot.1998.676345,no-oa-url
10.1109/robot.1998.676348,no-oa-url
10.1109/robot.2007.363057,no-oa-url
10.1109/tnsre.2010.2047592,no-oa-url
10.1109/wcecs.2008.25,no-oa-url
10.1111/j.1460-9568.2010.07354.x,no-oa-url
10.1111/j.1469-7793.1998.277bu.x,no-oa-url
10.1111/j.1469-7793.1998.293bu.x,no-oa-url
10.1111/j.1469-7793.1999.00691.x,oa-url-blocked
10.1111/j.1469-7793.2000.00389.x,no-oa-url
10.1111/j.1469-7793.2000.00639.x,no-oa-url
10.1111/j.1469-7793.2000.00817.x,no-oa-url
10.1111/j.1469-7793.2000.t01-1-00549.x,no-oa-url
10.1111/j.1469-7793.2001.0041b.x,no-oa-url
10.1111/j.1748-1716.1967.tb03637.x,no-oa-url
10.1111/j.1748-1716.1969.tb04415.x,no-oa-url
10.1111/j.1748-1716.1980.tb06534.x,no-oa-url
10.1111/j.1748-1716.1981.tb06867.x,no-oa-url
10.1111/j.1748-1716.1983.tb07267.x,no-oa-url
10.1111/j.1748-1716.1984.tb07400.x,no-oa-url
10.1111/j.1748-1716.1985.tb07612.x,no-oa-url
10.1111/j.1748-1716.2006.01651.x,no-oa-url
10.1111/j.1749-6632.1998.tb09040.x,no-oa-url
10.1111/j.1749-6632.1998.tb09050.x,no-oa-url
10.1111/j.1749-6632.1998.tb09062.x,no-oa-url
10.1111/j.1749-6632.2010.05435.x,no-oa-url
10.1111/nyas.12055,no-oa-url
10.1113/jp270121,oa-url-blocked
10.1113/jp272437,no-oa-url
10.1113/jp272740,no-oa-url
10.1113/jp274518,no-oa-url
10.1113/jp277018,no-oa-url
10.1113/jp277515,no-oa-url
10.1113/jp286151,oa-url-blocked
10.1113/jp286808,oa-url-blocked
10.1113/jphysiol.1910.sp001362,no-oa-url
10.1113/jphysiol.1957.sp005794,no-oa-url
10.1113/jphysiol.1957.sp005849,no-oa-url
10.1113/jphysiol.1971.sp009487,no-oa-url
10.1113/jphysiol.1981.sp013556,no-oa-url
10.1113/jphysiol.1982.sp014319,no-oa-url
10.1113/jphysiol.1983.sp014663,no-oa-url
10.1113/jphysiol.1987.sp016676,no-oa-url
10.1113/jphysiol.1988.sp017281,no-oa-url
10.1113/jphysiol.1992.sp019296,no-oa-url
10.1113/jphysiol.1995.sp020871,no-oa-url
10.1113/jphysiol.1995.sp020897,no-oa-url
10.1113/jphysiol.1996.sp021538,no-oa-url
10.1113/jphysiol.2003.057174,no-oa-url
10.1113/jphysiol.2004.076034,no-oa-url
10.1113/jphysiol.2006.118703,no-oa-url
10.1113/jphysiol.2006.118711,no-oa-url
10.1113/jphysiol.2008.158105,no-oa-url
10.1113/jphysiol.2009.176669,no-oa-url
10.1113/jphysiol.2012.234609,no-oa-url
10.1113/jphysiol.2012.240895,no-oa-url
10.1113/jphysiol.2013.261115,no-oa-url
10.1117/12.886413,no-oa-url
10.1126/science.1210617,no-oa-url
10.1126/science.3975635,no-oa-url
10.1139/y04-043,no-oa-url
10.1142/9789813207158_0025,no-oa-url
10.1145/245108.245118,no-oa-url
10.1146/annurev-neuro-082321-025137,no-oa-url
10.1146/annurev.ne.16.030193.001405,no-oa-url
10.1146/annurev.physiol.62.1.723,no-oa-url
10.1152/japplphysiol.00942.2003,no-oa-url
10.1152/jn.00020.2021,no-oa-url
10.1152/jn.00065.2005,no-oa-url
10.1152/jn.00104.2024,no-oa-url
10.1152/jn.00160.2014,no-oa-url
10.1152/jn.00175.2005,no-oa-url
10.1152/jn.00176.2005,no-oa-url
10.1152/jn.00194.2019,no-oa-url
10.1152/jn.00204.2023,no-oa-url
10.1152/jn.00216.2017,no-oa-url
10.1152/jn.00248.2023,no-oa-url
10.1152/jn.00261.2012,oa-url-blocked
10.1152/jn.00310.2020,no-oa-url
10.1152/jn.00322.2017,no-oa-url
10.1152/jn.00325.2004,no-oa-url
10.1152/jn.00331.2025,no-oa-url
10.1152/jn.00347.2019,oa-url-blocked
10.1152/jn.00419.2015,no-oa-url
10.1152/jn.00479.2001,no-oa-url
10.1152/jn.00486.2017,no-oa-url
10.1152/jn.00496.2003,no-oa-url
10.1152/jn.00497.2003,no-oa-url
10.1152/jn.00497.2017,no-oa-url
10.1152/jn.00511.2005,no-oa-url
10.1152/jn.00524.2013,no-oa-url
10.1152/jn.00550.2017,oa-url-blocked
10.1152/jn.00602.2017,oa-url-blocked
10.1152/jn.00615.2004,no-oa-url
10.1152/jn.00658.2017,oa-url-blocked
10.1152/jn.00718.2011,no-oa-url
10.1152/jn.00739.2014,no-oa-url
10.1152/jn.00820.2013,no-oa-url
10.1152/jn.00833.2002,no-oa-url
10.1152/jn.00865.2011,no-oa-url
10.1152/jn.00871.2015,no-oa-url
10.1152/jn.00888.2005,no-oa-url
10.1152/jn.00891.2006,no-oa-url
10.1152/jn.00909.2004,no-oa-url
10.1152/jn.00944.2011,no-oa-url
10.1152/jn.00978.2016,no-oa-url
10.1152/jn.00991.2004,no-oa-url
10.1152/jn.00996.2009,no-oa-url
10.1152/jn.01028.2009,no-oa-url
10.1152/jn.01054.2007,no-oa-url
10.1152/jn.01177.2006,no-oa-url
10.1152/jn.01271.2003,no-oa-url
10.1152/jn.01300.2004,no-oa-url
10.1152/jn.1976.39.5.1090,no-oa-url
10.1152/jn.1977.40.4.737,no-oa-url
10.1152/jn.1979.42.4.936,no-oa-url
10.1152/jn.1980.44.3.475,no-oa-url
10.1152/jn.1980.44.5.1024,no-oa-url
10.1152/jn.1987.57.1.56,no-oa-url
10.1152/jn.1989.62.5.1177,no-oa-url
10.1152/jn.1990.64.3.756,no-oa-url
10.1152/jn.1991.66.3.919,no-oa-url
10.1152/jn.1991.66.6.1874,no-oa-url
10.1152/jn.1993.69.6.2232,no-oa-url
10.1152/jn.1993.70.3.1009,no-oa-url
10.1152/jn.1993.70.3.1102,no-oa-url
10.1152/jn.1994.71.6.2074,no-oa-url
10.1152/jn.1996.75.3.1126,no-oa-url
10.1152/jn.1997.77.2.797,no-oa-url
10.1152/jn.1997.77.6.3226,no-oa-url
10.1152/jn.1997.77.6.3237,no-oa-url
10.1152/jn.1997.77.6.3311,no-oa-url
10.1152/jn.1998.79.4.1687,no-oa-url
10.1152/jn.1998.79.4.1702,no-oa-url
10.1152/jn.1999.81.2.758,no-oa-url
10.1152/jn.1999.81.4.1856,no-oa-url
10.1152/jn.1999.82.1.290,no-oa-url
10.1152/jn.2001.86.1.447,no-oa-url
10.1152/jn.2001.86.3.1321,no-oa-url
10.1152/jn.90338.2008,no-oa-url
10.1152/jn.90729.2008,no-oa-url
10.1152/jn.90895.2008,no-oa-url
10.1152/jn.90918.2008,no-oa-url
10.1152/physrev.00015.2019,no-oa-url
10.1152/physrev.00028.2005,no-oa-url
10.1152/physrev.1992.72.3.623,no-oa-url
10.1152/physrev.2000.80.1.83,no-oa-url
10.1152/physrev.2001.81.2.539,no-oa-url
10.1162/neco.1992.4.3.356,no-oa-url
10.1177/0278364903022003003,no-oa-url
10.1177/0278364905055381,no-oa-url
10.1177/0278364917743320,no-oa-url
10.1177/105971239300100404,no-oa-url
10.1177/1073858404264680,no-oa-url
10.1177/1073858410396101,no-oa-url
10.1177/1073858417699790,no-oa-url
10.1201/9781420038705.ch6,no-oa-url
10.1242/jeb.056481,oa-url-blocked
10.1242/jeb.198.2.435,no-oa-url
10.1242/jeb.245784,oa-url-blocked
10.1249/jes.0000000000000233,no-oa-url
10.1371/journal.pcbi.1012101,no-oa-url
10.14288/1.0071394,oa-url-blocked
10.14814/phy2.13504,oa-url-blocked
10.1515/revneuro-2017-0102,no-oa-url
10.1523/jneurosci.0612-22.2022,oa-url-blocked
10.1523/jneurosci.0816-20.2020,oa-url-blocked
10.1523/jneurosci.1206-09.2009,oa-url-blocked
10.1523/jneurosci.15-07-04943.1995,oa-url-blocked
10.1523/jneurosci.16-18-05777.1996,oa-url-blocked
10.1523/jneurosci.1618-07.2007,oa-url-blocked
10.1523/jneurosci.1654-20.2020,oa-url-blocked
10.1523/jneurosci.1737-09.2009,oa-url-blocked
10.1523/jneurosci.19-24-10966.1999,oa-url-blocked
10.1523/jneurosci.20-22-08577.2000,oa-url-blocked
10.1523/jneurosci.2005-13.2013,oa-url-blocked
10.1523/jneurosci.2015-22.2023,no-oa-url
10.1523/jneurosci.22-22-09961.2002,oa-url-blocked
10.1523/jneurosci.3042-16.2017,oa-url-blocked
10.1523/jneurosci.3288-17.2018,oa-url-blocked
10.1523/jneurosci.3338-09.2009,oa-url-blocked
10.1523/jneurosci.4849-09.2010,oa-url-blocked
10.1523/jneurosci.5188-14.2015,oa-url-blocked
10.1523/jneurosci.5486-10.2011,oa-url-blocked
10.1523/jneurosci.5894-08.2010,oa-url-blocked
10.1641/0006-3568(2000)050[0023:iwabar]2.3.co;2,oa-url-blocked
10.2174/1381612822666161214144655,no-oa-url
10.3390/app8010006,oa-url-blocked
10.3390/biomimetics4010010,oa-url-blocked
10.3390/biomimetics7010017,oa-url-blocked
10.3390/ijms22031394,oa-url-blocked
10.3390/ijms22031467,oa-url-blocked
10.3390/ijms22116007,no-oa-url
10.3390/ijms23105541,oa-url-blocked
10.3727/096368911x627598,oa-url-blocked
10.7554/elife.04718,no-oa-url
10.7554/elife.103504,no-oa-url
10.7554/elife.107480,no-oa-url
10.7554/elife.31050,no-oa-url
10.7554/elife.73424,no-oa-url
10.7554/elife.98841,no-oa-url
10.7939/r3-jt04-kz83,no-oa-url
