doi,state
10.1152/jn.1997.77.6.3311,none
10.1016/j.brainresrev.2007.07.016,none
10.1088/1748-3190/aa8290,none
10.7554/elife.73424,none
10.1007/978-1-4757-0964-3,none
10.1002/cne.23904,none
10.1016/0301-0082(96)00028-7,none
10.1177/0278364905055381,none
10.1152/jn.90338.2008,none
10.1016/s0079-6123(06)57016-5,none
10.1113/jphysiol.2013.261115,none
10.1146/annurev.physiol.62.1.723,none
10.1007/bf00230939,none
10.1016/0006-8993(87)91442-9,none
10.1016/j.neuron.2014.02.013,none
10.1007/978-1-4614-7320-6_49-2,none
10.1016/s0165-0173(98)00006-x,none
10.1016/0301-0082(86)90021-3,none
10.1152/jn.00175.2005,none
10.1152/jn.1993.70.3.1102,none
10.1162/neco.1992.4.3.356,none
10.1152/jn.00739.2014,none
10.1016/b978-0-12-816477-8.00011-9,none
10.1007/978-0-387-77064-2_36,none
10.1152/jn.1980.44.3.475,none
10.1016/j.asd.2004.05.002,none
10.1016/b978-0-12-803766-9.00008-7,none
10.1002/cphy.c100086,none
10.1201/9781420038705.ch6,none
10.1007/978-3-030-24741-6_34,none
10.1111/j.1748-1716.1983.tb07267.x,none
10.1523/jneurosci.1618-07.2007,none
10.1152/jn.00497.2003,none
10.1523/jneurosci.16-18-05777.1996,none
10.1002/9781118873397.ch12,none
10.1152/jn.1993.69.6.2232,none
10.1007/s00422-017-0726-x,none
10.1007/978-3-030-64313-3_12,none
10.1523/jneurosci.5894-08.2010,none
10.1016/s0966-6362(97)00042-8,none
10.1007/978-1-4939-3267-2_8,none
10.1007/bf00228156,none
10.1016/j.pneurobio.2006.04.001,none
10.1111/j.1748-1716.1985.tb07612.x,none
10.1016/0959-4388(95)80107-3,none
10.1023/a:1012478704769,none
10.1523/jneurosci.1737-09.2009,none
10.1152/jn.1998.79.4.1702,none
10.1152/jn.00524.2013,none
10.1016/0006-8993(75)91013-6,none
10.1038/35049541,none
10.1073/pnas.1304365110,none
10.1152/jn.00602.2017,none
10.1523/jneurosci.3338-09.2009,none
10.1152/jn.00550.2017,none
10.1016/0006-8993(77)90710-7,none
10.1152/jn.00496.2003,none
10.1139/y04-043,none
10.1007/bf00236206,none
10.1007/pl00007977,none
10.1152/jn.90918.2008,none
10.1007/s11062-022-09927-7,none
10.1111/j.1748-1716.2006.01651.x,none
10.1152/jn.1991.66.3.919,none
10.1152/physrev.2001.81.2.539,none
10.1145/245108.245118,none
10.1016/s0065-2806(07)34004-6,none
10.1016/s0079-6123(03)43011-2,none
10.1093/acprof:oso/9780198524052.001.0001,none
10.1523/jneurosci.0612-22.2022,none
10.1113/jphysiol.2004.076034,none
10.1016/0959-4388(94)90139-2,none
10.1016/s0301-0082(98)00081-1,none
10.1002/9781118133880.hop203007,none
10.1093/brain/awh252,none
10.1016/b978-0-444-53825-3.00007-3,none
10.1152/jn.90729.2008,none
10.1007/bf00237937,none
10.1016/b978-0-444-53825-3.00015-2,none
10.1016/j.neuroscience.2020.09.017,none
10.1152/jn.1989.62.5.1177,none
10.1146/annurev.ne.16.030193.001405,none
10.1111/j.1469-7793.1998.277bu.x,none
10.1101/226316,none
10.1088/1748-3190/10/4/041001,none
10.1016/b978-0-12-816477-8.00013-2,none
10.1007/s002210050522,none
10.1002/cphy.cp120105,none
10.1088/1748-3190/10/2/026001,none
10.1002/jmor.1051410102,none
10.1016/j.celrep.2018.08.095,none
10.1113/jphysiol.1981.sp013556,none
10.1113/jphysiol.2009.176669,none
10.1117/12.886413,none
10.1007/978-3-642-31525-1_4,none
10.14814/phy2.13504,none
10.1109/robot.1998.676345,none
10.1016/s0079-6123(03)43012-4,none
10.2174/1381612822666161214144655,none
10.1111/j.1469-7793.1998.293bu.x,none
10.1111/j.1749-6632.1998.tb09050.x,none
10.1007/bf00229407,none
10.1088/1748-3190/ab9e52,none
10.1142/9789813207158_0025,none
10.1152/jn.00347.2019,none
10.1007/bf00204048,none
10.1111/j.1748-1716.1980.tb06534.x,none
10.1007/978-1-4757-0964-3_21,none
10.1177/0278364903022003003,none
10.1113/jp274518,none
10.1098/rspb.1911.0077,none
10.1007/978-3-030-64313-3_38,none
10.1007/978-3-319-09435-9_26,none
10.1016/s0966-6362(99)00052-1,none
10.1111/j.1469-7793.1999.00691.x,none
10.1016/j.pneurobio.2004.04.003,none
10.1016/0006-8993(90)90334-8,none
10.1016/0006-8993(93)90903-z,none
10.1016/s1044-5765(05)80026-0,none
10.1111/j.1748-1716.1984.tb07400.x,none
10.1152/jn.1979.42.4.936,none
10.1109/robot.2007.363057,none
10.1007/bf00241961,none
10.1016/s0074-7742(05)69005-8,none
10.1016/0006-8993(72)90007-8,none
10.1016/0014-4886(86)90094-4,none
10.1016/s0165-0173(99)00008-9,none
10.1007/s00422-006-0129-x,none
10.1111/j.1748-1716.1981.tb06867.x,none
10.1016/0301-0082(89)90004-x,none
10.1016/b978-0-12-805353-9.00098-x,none
10.1016/0006-8993(78)90973-3,none
10.1113/jphysiol.1983.sp014663,none
10.1007/s002210050847,none
10.1177/1073858404264680,none
10.1016/0304-3940(77)90187-2,none
10.1113/jphysiol.2008.158105,none
10.1007/bf00231254,none
10.1152/jn.00820.2013,none
10.1016/b978-0-08-026814-9.50025-9,none
10.1016/0006-8993(78)90493-6,none
10.1109/robot.1998.676348,none
10.1152/physrev.1992.72.3.623,none
10.1016/0921-8890(96)00003-6,none
10.1515/revneuro-2017-0102,none
10.1126/science.3975635,none
10.1007/bf00231657,none
10.1023/a:1008920021246,none
10.1007/978-1-0716-1006-0_758,none
10.1007/bf00235875,none
10.1109/wcecs.2008.25,none
10.1016/j.conb.2009.10.011,none
10.1016/j.cophys.2019.01.005,none
10.1007/bf00227094,none
10.1007/978-3-030-41878-6_9,none
10.1016/s0006-8993(96)00977-8,none
10.1016/j.conb.2015.01.011,none
10.1111/j.1749-6632.1998.tb09062.x,none
10.1016/j.conb.2023.102763,none
10.1007/978-3-030-64313-3_7,none
10.1016/s0959-4388(98)80121-9,none
10.1038/nature10538,none
10.1111/j.1469-7793.2000.t01-1-00549.x,none
10.1007/s00422-011-0446-6,none
10.1007/bf00229406,none
10.1038/nn.4077,none
10.1016/j.clinph.2010.01.039,none
10.1111/j.1748-1716.1969.tb04415.x,none
10.1152/jn.1999.81.4.1856,none
10.1007/978-1-4939-3267-2_10,none
10.1007/978-94-010-0870-9_20,none
10.1152/jn.1977.40.4.737,none
10.1152/jn.1994.71.6.2074,none
10.1016/s0079-6123(08)60803-1,none
10.1109/lcsys.2018.2871126,none
10.1152/jn.00176.2005,none
10.1007/bf00235825,none
10.1007/s00422-019-00811-y,none
10.1016/j.neuron.2013.08.015,none
10.1007/s00422-003-0449-z,none
10.1111/j.1749-6632.1998.tb09040.x,none
10.1007/s11055-023-01357-0,none
10.1007/978-3-319-12913-6_8,none
10.1016/j.brainresrev.2007.06.022,none
10.1523/jneurosci.0816-20.2020,none
10.1152/jn.1990.64.3.756,none
10.1007/978-3-030-64313-3_30,none
10.1152/jn.1993.70.3.1009,none
10.1016/0006-8993(80)90207-3,none
10.1152/jn.00658.2017,none
10.1007/bf00239728,none
10.1113/jphysiol.1987.sp016676,none
10.1152/jn.1987.57.1.56,none
10.1016/j.neuroscience.2020.05.008,none
10.1002/9781118873397.ch9,none
10.1152/jn.00020.2021,none
10.1038/nrn1137,none
10.1152/jn.1980.44.5.1024,none
10.1016/s0021-9290(01)00187-7,none
10.1111/j.1748-1716.1967.tb03637.x,none
10.3390/ijms22031394,none
10.1007/s00422-017-0711-4,none
10.1007/978-1-62703-197-4_8,none
10.1002/jnr.24791,none
10.1002/cphy.cp120103,none
10.1002/cphy.cp010226,none
10.1152/jn.00204.2023,none
10.1016/0006-8993(78)90363-3,none
10.1007/978-3-319-09435-9_15,none
10.1038/nn.2482,none
10.1152/jn.00104.2024,none
10.1113/jp286151,none
10.1113/jp286808,none
10.1016/j.neunet.2024.106422,none
10.1098/rsos.240207,none
10.1152/jn.00248.2023,none
10.1016/j.cub.2023.07.014,none
10.1371/journal.pcbi.1012101,none
10.1016/j.cub.2025.09.030,none
10.1016/j.expneurol.2023.114496,none
10.1523/jneurosci.2015-22.2023,none
10.1152/jn.00331.2025,none
10.1101/2025.11.11.687930,none
10.7554/elife.107480,none
