zotero_key,airtable_id
EZAB553H,recIBEMEe0glxwdTn
SLWW76U4,recv8Vni5LmZtnz9C
VIP3GQJV,recdaLDhNrvFuW3Ri
SSLMSMBY,recaxlexn0oGcgAwz
B4P3IYSY,recvKVgv2mR9RW8Xu
7WF6KLGD,recGrViCbZPnRE3W0
L6NSMHC7,recE9cSeqeqqeRjE5
LT3PEKVL,recdziQxCrW4TUaWv
SG9IX7YE,rec6GvqjHjEavh3QO
J8YGN2AK,recEX7mcxxwNr78Y3
S8U62GQC,rec5AonT0nLlGpzHz
KPZNAIXG,recJEiw9uGUO59CPy
DRACVJLN,recaxMKMbXnTQarAB
HJKAP6HX,recOFN0t5qZjVwdBR
NZQ7JZAW,reckveZdtn6EUZLbp
UBQD3A3F,rec3sCaTz2c5DZML2
7B7E6A5I,rec3bT3OcdqqGQ2dY
UKJXVFTT,receXHrZLNVgcCYod
G6ZM8NXY,recTsutd2LougteUB
6XIG2NLN,recaHgeOwaaT9XnUu
B3M335FJ,reczqkTGMQnJmFpia
3SB4QSIF,recutnIzTJ10bOQaq
8W7UKZPJ,recvidnnShDcajXMs
CBWBJ5BV,rec0FmHD8UXVun1zN
KVUZC7GU,recPFQk4euEsokrB8
5IJUW683,recJYMLbsrfjj6vFl
ZBI5R8X9,recdbMeqWdaUKgS4s
HR9H9J8Z,recGjIFEmPMcbesLF
8W9ZHS8D,recsPiiKkka4Rm6qj
WDQ262NK,recG2w6dXkFEbMjK7
MCU88JT6,recEfpqUr9aBwNnv4
2R4PG7HC,recghr9s21A35rvHN
LYDY4DUC,recCKM8JmUVPKSFeP
96WEH7YJ,reczsfNXwVhvy631C
X6I4YC75,recHUmIbC15rFPFRa
266BY2HT,recbMS9RPrgSZOuZs
WUNEZFCJ,recrE9XzewFkRCTgQ
IRVPFS35,recu9DgoUeRGnC7vX
G358BIIV,recGjQLjdnjFm8IWZ
JTN9IW98,recxUvFneDcGWwxyd
BPNNH6YJ,recmVTrWXTVfSOWnt
548ZDKKX,rec7nQB7Cpfe5SGV0
BKB8XLHW,reczvPaUJrVXapwLB
DVJE3QGP,rec9fRy7A9nPiPCWr
49TKJ88S,recEm0axCU177keHd
D9ZBLGKV,recW61jLS87WefMpR
SFAGS4TH,recvj2cY9DNFXQhWD
A6RR8R89,recnNIUEj17GdHE5C
CR77ZSJL,recksW1OCi6CpOt8r
S2ACA47F,rec43V3D0BUhYFUGn
