"id","title","author","year","animals","DOI"
"rec01Sym3p8O4bSMn","Locomotor activity in spinal cord-injured persons","Dietz","2004","Human","10.1152/japplphysiol.00942.2003"
"rec0k5AJjSxNrEexP","RHYTHMIC PATTERNS IN THE THORACIC NERVE CORD OF THE STICK INSECT INDUCED BY PILOCARPINE","Büschges","1995","Stick Insect","10.1242/jeb.198.2.435"
"rec2gECWIzFDn4tsj","What mechanisms coordinate leg movement in walking arthropods?","Cruse","1990","Arthropods","10.1016/0166-2236(90)90057-H"
"rec2jytMTqUIEJMaK","Synaptic control of hindlimb motoneurones during three forms of the fictive scratch reflex in the turtle.","Robertson and Stein","1988","Turtle","10.1113/jphysiol.1988.sp017281"
"rec2l3X3DRev8OZEt","Simulations of neuromuscular control in lamprey swimming","Ekeberg and Grillner","1999","Lamprey","10.1098/rstb.1999.0441"
"rec3237UGETrSD0Uw","Modeling the spinal cord neural circuitry controlling cat hindlimb movement during locomotion","Ivashko","2003","Cat","10.1016/S0925-2312(02)00832-9"
"rec5nlSDkEYm0W4Zs","Organization of mammalian locomotor rhythm and pattern generation","McCrea and Rybak","2008","Cat;Mammals","10.1016/j.brainresrev.2007.08.006"
"rec6EhQhpWHDNDPX5","Modulation of forelimb and hindlimb muscle activity during quadrupedal tied-belt and split-belt locomotion in intact cats","Frigon","2015","Cat","10.1016/j.neuroscience.2014.12.084"
"rec6biPs0jRaVO5Wj","Intra-muscle Synergies Stabilizing Reflex-mediated Force Changes","Madarshahian","2022","Human","10.1016/j.neuroscience.2022.10.009"
"rec6lfBtg6uUvOxsZ","The neuromechanical tuning hypothesis","Prochazka and Yakovenko","2007","Mammals","10.1016/S0079-6123(06)65016-4"
"rec78NasDfISVsyLl","Modular organization of murine locomotor pattern in the presence and absence of sensory feedback from muscle spindles","Santuz","2019","Mice","10.1113/jp277515"
"rec7kjoASidTkVaOM","Degradation of mouse locomotor pattern in the absence of proprioceptive sensory feedback","Akay","2014","Mice","10.1073/pnas.1419045111"
"rec8WdUONYgfvw1zw","A Role for Hip Position in Initiating the Swing-to-Stance Transition in Walking Cats","McVea","2005","Cat","10.1152/jn.00511.2005"
"rec8jxlUJWMZw73UO","Control of oscillation periods and phase durations in half-center central pattern generators: a comparative mechanistic analysis","Daun","2009","","10.1007/s10827-008-0124-4"
"rec9QuN0QkmKaK8nF","The Role of Proprioceptive Feedback in the Regulation and Adaptation of Locomotor Activity","Lam","2002","Cat","10.1007/978-1-4615-0713-0_40"
"rec9m5Jii31v6NV9M","A neuromechanical simulation of insect walking and transition to turning of the cockroach Blaberus discoidalis","Szczecinski","2014","Cockroach","10.1007/s00422-013-0573-3"
"rec9s9QNUNgTbbtQX","Neuromechanical Modeling of Posture and Locomotion","Prilutsky and Edwards","2015","",""
"recAcAFyWwwCLEAqY","Diversified physiological sensory input connectivity questions the existence of distinct classes of spinal interneurons","Kohler","2022","Cat","10.1016/j.isci.2022.104083"
"recBw9Zqf4F6xcr4o","Nonlinear Modulation of Cutaneous Reflexes with Increasing Speed of Locomotion in Spinal Cats","Hurteau","2017","Cat","10.1523/JNEUROSCI.3042-16.2017"
"recCFeBMqwumM6uPE","Current Principles of Motor Control, with Special Reference to Vertebrate Locomotion","Grillner and El Manira","2020","Vertebrates","10.1152/physrev.00015.2019"
"recDKSwBYMQO5uNiK","Organization of left-right coordination of neuronal activity in the mammalian spinal cord: Insights from computational modelling","Shevtsova","2015","Mammals;Mice","10.1113/JP270121"
"recDT62aen4FMrVhd","Positive force feedback in bouncing gaits?","Geyer","2003","Cat","10.1098/rspb.2003.2454"
"recEo8zrcYm7PAsFe","Sophisticated spinal contributions to motor control","Poppele and Bosco","","Vertebrates;Frog;Turtle;Cat","10.1016/S0166-2236(03)00073-0"
"recEvGQ0MflxZ13yF","Decentralized control of insect walking: A simple neural network explains a wide range of behavioral and neurophysiological results","Schilling and Cruse","2020","Insects","10.1371/journal.pcbi.1007804"
"recFcuIXzjebeAqZF","Intralimb and Interlimb Cutaneous Reflexes during Locomotion in the Intact Cat","Hurteau","2018","Cat","10.1523/JNEUROSCI.3288-17.2018"
"recFoowp3GLdTtl5p","Sensory feedback in cockroach locomotion: current knowledge and open questions","Ayali","2015","Cockroach","10.1007/s00359-014-0968-1"
"recGXAkc9YqiOxZyT","Ipsilateral and Contralateral Interactions in Spinal Locomotor Circuits Mediated by V1 Neurons: Insights from Computational Modeling","Shevtsova","2022","","10.3390/ijms23105541"
"recHUhzNl3CEaF8pE","Leg Coordination Mechanisms in the Stick Insect Applied to Hexapod Robot Locomotion","Espenschied","1993","Stick Insect","10.1177/105971239300100404"
"recHcv62OUhTEklV2","Assessing sensory function in locomotor systems using neuro-mechanical simulations","Pearson","2006","","10.1016/j.tins.2006.08.007"
"recIKY3z8nHIQBBVJ","Distributed force feedback in the Spinal Cord and the regulation of limb mechanics","Nichols","2018","Cat;Human","10.1152/jn.00216.2017"
"recIzSEo9c2ncsgD0","Inhibition of flexor burst generation by loading ankle extensor muscles in walking cats","Duysens","1980","Cat","10.1016/0006-8993(80)90206-1"
"recJxL69hcXETbH84","Transmission in a locomotor-related group Ib pathway from hindlimb extensor muscles in the cat","Gossard","1994","Cat","10.1007/bf00228410"
"recK0c5jhXlSJghSr","Neuromechanical model of rat hind limb walking with two layer CPGs","Deng","2019","Rat",""
"recK3poWZVE1BWpQc","Role of sensory feedback in the control of stance duration in walking cats","Pearson","2008","Cat","10.1016/j.brainresrev.2007.06.014"
"recLQre1rXrmJOLU3","Recurrent inhibition from motor axon collaterals of transmission in the Ia inhibitory pathway to motoneurones","Hultborn","1971","Cat","10.1113/jphysiol.1971.sp009487"
"recLhkoL8t6Ml2EGz","Mechanosensation and Adaptive Motor Control in Insects","Tuthill and Wilson","2016","Insects","10.1016/j.cub.2016.06.070"
"recM0Spre5cjj30My","Development and Training of a Neural Controller for Hind Leg Walking in a Dog Robot","Hunt","2017","Dog","10.3389/fnbot.2017.00018"
"recMcpcQFIzyzjnES","Organization of flexor–extensor interactions in the mammalian spinal cord: insights from computational modelling","Shevtsova and Rybak","2016","","10.1113/JP272437"
"recMmj8yLv1Uq6pyQ","A biologically based neural system coordinates the joints and legs of a tetrapod","Hunt","2015","Rat","10.1088/1748-3190/10/5/055004"
"recMtTCxNxZPV7XQt","INTERNEURONAL RELAY IN SPINAL PATHWAYS FROM PROPRIOCEPTORS","JANKOWSKA","1992","Mammals","10.1016/0301-0082(92)90024-9"
"recPnDjXSKqOF4BDt","Proprioception and locomotor disorders","Dietz","2002","Human","10.1038/nrn939"
"recPoyqO9O9txmwm5","Speed dependency in Î±-motoneuron activity and locomotor modules in human locomotion: indirect evidence for phylogenetically conserved spinal circuits","Yokoyama","2017","Human","10.1098/rspb.2017.0290"
"recQVHpLsp1C9n2mW","On the Influence of Group III/IV Muscle Afferent Feedback on Endurance Exercise Performance","Amann","2020","Human","10.1249/JES.0000000000000233"
"recQd6HSYCeWFpUbu","The spinal control of locomotion and step-to-step variability in left-right symmetry from slow to moderate speeds","Dambreville","2015","Cat","10.1152/jn.00419.2015"
"recQkgW6mi6AezV1b","On the Organization of the Locomotor CPG: Insights From Split-Belt Locomotion and Mathematical Modeling","Latash","2020","Cat","10.3389/fnins.2020.598888"
"recQkmqddP5htUGpf","Insect Walking and Biorobotics: A Relationship with Mutual Benefits","Ritzmann","2000","Insects","10.1641/0006-3568(2000)050[0023:IWABAR]2.3.CO;2"
"recRIvcDW0p0T6DDa","Brainstem Circuits for Locomotion","Leiras","2022","","10.1146/annurev-neuro-082321-025137"
"recRRXllFjR4hJBVE","Spinal control of muscle synergies for adult mammalian locomotion","Desrochers","2019","Cat","10.1113/JP277018"
"recTKRkkbCvTuRqeK","Load-regulating mechanisms in gait and posture: Comparative aspects.","Duysens","2000","","10.1152/physrev.2000.80.1.83"
"recUQzJIupLCDV5g1","Five basic muscle activation patterns account for muscle activity during human locomotion","Ivanenko","2004","Human","10.1113/jphysiol.2003.057174"
"recV6UpcysNrMaRLB","Human lumbar cord circuitries can be activated by extrinsic tonic input to generate locomotor-like activity","Minassian","2007","Human","10.1016/j.humov.2007.01.005"
"recV7qGPJWiTDrPsM","Modelling spinal circuitry involved in locomotor pattern generation: insights from the effects of afferent stimulation","Rybak","2006","Cat","10.1113/jphysiol.2006.118711"
"recV8nQBbNyZDolul","Computational modeling of spinal circuits controlling limb coordination and gaits in quadrupeds","Danner","2017","Mice","10.7554/eLife.31050"
"recVlk7Kg9rIPLH2v","On the central generation of locomotion in the low spinal cat","Grillner and Zangger","1979","Cat","10.1007/BF00235671"
"recWXxJaQbUDJd31b","Activity of interneurons mediating reciprocal 1a inhibition during locomotion","Feldman and Orlovsky","1975","Cat","10.1016/0006-8993(75)90974-9"
"recWqAJogrnb38985","Neuromechanical Principles Underlying Movement Modularity and Their Implications for Rehabilitation","Ting","2015","Human","10.1016/j.neuron.2015.02.042"
"recXa5IYgA1M55Wii","Using animal data and neural dynamics to reverse engineer a neuromechanical rat model","Hunt","2015","Rat","10.1007/978-3-319-22979-9_21"
"recaEiW1fv8QTlWkz","A model of scale effects in mammalian quadrupedal running","Herr","2002","",""
"recb1Jn0d5PIm6gpk","Decoding the mechanisms of gait generation in salamanders by combining neurobiology, modeling and robotics","Bicanski","2013","Salamander","10.1007/s00422-012-0543-1"
"recdEuThwTVOEdcwz","Ankle extensor group I afferents excite extensors throughout the hindlimb during fictive locomotion in the cat.","Guertin","1995","Cat","10.1113/jphysiol.1995.sp020871"
"recdSXsgiaZQQGIQ5","Force feedback reinforces muscle synergies in insect legs","Sasha N. Zill","2015","Cockroach;Stick Insect","10.1016/j.asd.2015.07.001"
"recdWB4Bh9FKPEHYK","Neuromechanical Simulation of an inter-leg controller for tetrapod coordination","Hunt","2014","Rat","10.1007/978-3-319-09435-9_13"
"rece0GWaNeVWzC8pG","A Muscle-Reflex Model That Encodes Principles of Legged Mechanics Produces Human Walking Dynamics and Muscle Activities","Geyer and Herr","2010","Human","10.1109/TNSRE.2010.2047592"
"receWDFQyRMe7UvvZ","Resonance tuning in a neuro-musculo-skeletal model of the forearm","Verdaasdonk","2007","Human","10.1007/s00422-006-0112-6"
"receqsanpBJrR4x5v","New Moves in Motor Control","Buschges","2011","","10.1016/j.cub.2011.05.029"
"recf6gvkwsPmIHY3N","AnimatLab: A 3D graphics environment for neuromechanical simulations","Cofer","2010","","10.1016/j.jneumeth.2010.01.005"
"recfCLJpSnraphHug","Modeling the mammalian locomotor CPG: insights from mistakes and perturbations","McCrea and Rybak","2007","Cat","10.1016/S0079-6123(06)65015-2"
"recfRnmXD28Ogkq4e","Control of Mammalian Locomotion by Somatosensory Feedback","Frigon","2021","Mammals","10.1002/cphy.c210020"
"recfiz9tzgn955QdA","Contribution of Hind Limb Flexor Muscle Afferents to the Timing of Phase Transitions in the Cat Step Cycle","Hiebert","1996","Cat","10.1152/jn.1996.75.3.1126"
"recgNahYOEnT2yzYE","Proprioceptive modulation of hip flexor activity during the swing phase of locomotion in decerebrate cats.","Lam","2001","Cat","10.1152/jn.2001.86.3.1321"
"recgWW7JlRJMm851a","The construction of movement by the spinal cord","Tresch","1999","Vertebrates;Frog","10.1038/5721"
"rech5DPeIL8qPxKbO","A Simple Experimentally Based Model Using Proprioceptive Regulation of Motor Primitives Captures Adjusted Trajectory Formation in Spinal Frogs","Kargo","2010","Frog","10.1152/jn.01054.2007"
"rechUE1t6xgIgzBSA","Human spinal locomotor control is based on flexibly organized burst generators","Danner","2015","Human","10.1093/brain/awu372"
"reciO5icPjQnMFNqb","Development and functional organization of spinal locomotor circuits","Kiehn","2011","Vertebrates;Mice;Zebrafish;Lamprey;Mammals","10.1016/j.conb.2010.09.004"
"reciegFAzFZ7ogh1m","Strategies for delineating spinal locomotor rhythm-generating networks and the possible role of Hb9 interneurones in rhythmogenesis","Brownstone and Wilson","2008","","10.1016/j.brainresrev.2007.06.025"
"recinBYMhS5NwkOvx","Positive Force Feedback Control of Muscles","Prochazka","1997","Human","10.1152/jn.1997.77.6.3226"
"recjEWZKD03OC2BYS","Modeling the Organization of Spinal Cord Neural Circuits Controlling Two-Joint Muscles","Shevtsova","2016","","10.1007/978-1-4939-3267-2_5"
"recjGEKoVDZG9Kgya","On the nature of the fundamental activity of the nervous centres; together with an analysis of the conditioning of rhythmic activity in progression, and a theory of the evolution of function in the nervous system","Brown","1914","",""
"reck6j3QVhgQs7e0Y","Organizing network action for locomotion: Insights from studying insect walking.","Büschges","2008","Insects","10.1016/j.brainresrev.2007.06.028"
"reckLrNcdlGJMJMah","Behaviour-based modelling of hexapod locomotion: linking biology and technical application","Dürr","2004","Hexapod","10.1016/j.asd.2004.05.004"
"recl89IqMlxodlhXN","Decoding the organization of spinal circuits that control locomotion","Kiehn","2016","","10.1038/nrn.2016.9"
"recllI1WnoBxxvkJM","Vestibulospinal, reticulospinal and descending propriospinal nerve fibres in man","Nathan","1996","Human","10.1093/brain/119.6.1809"
"reclwbsReGhWM71WF","Bio-inspired controller achieving forward speed modulation with a 3D bipedal walker","Van der Noot, Nicolas","2018","Human","10.1177/0278364917743320"
"recnpdF09e2pD0tFz","Neuronal activity in the isolated mouse spinal cord during spontaneous deletions in fictive locomotion: insights into locomotor central pattern generator organization","Zhong","2012","Mice","10.1113/jphysiol.2012.240895"
"recoT9VR7NIatzV00","Left–right coordination from simple to extreme conditions during split-belt locomotion in the chronic spinal adult cat","Frigon","2016","Cat","10.1113/JP272740"
"recpFKCRcK44Hbkyg","Modulation of phase durations, phase variations, and temporal coordination of the four limbs during quadrupedal split-belt locomotion in intact adult cats","D’Angelo","2014","Cat","10.1152/jn.00160.2014"
"recpozMUyMMicDWNu","Contribution of Sensory Feedback to the Generation of Extensor Activity During Walking in the Decerebrate Cat","HIEBERT","1999","Cat","10.1152/jn.1999.81.2.758"
"recpyybF425zhdpCj","The special nature of human walking and its neural control","Capaday","2002","Human","10.1016/S0166-2236(02)02173-2"
"recrOx4g9ML2vRiDP","Proprioceptive input resets central locomotor rhythm in the spinal cat.","Conway","1987","Cat","10.1007/bf00249807"
"recsh566GLiIFvkYW","Kinesthetic Senses","Proske","2018","Human;Cat","10.1002/cphy.c170036"
"rectZLWJhnmJpn1le","Spinal Cord Pattern Generators for Locomotion","Dietz","2003","Human","10.1016/s1388-2457(03)00120-2"
"recuEbIzcBfrBmkmf","Spinal circuitry of sensorimotor control of locomotion","McCrea","2001","","10.1111/j.1469-7793.2001.0041b.x"
"recvgd8hFtfCEnVBO","The comparative investigation of the stick insect and cockroach models in the study of insect locomotion","Ayali","2015","Stick Insect;Cockroach","10.1016/j.cois.2015.07.004"
"recw2TJ1IDuY3yEVz","Modular organization of motor behavior in the frog's spinal cord","Bizzi","1995","Frog","10.1016/0166-2236(95)94494-p"
"recwQQSBHPlE6SmUk","Motoneuronal and muscle synergies involved in cat hindlimb control during fictive and real locomotion: a comparison study","Markin","2012","Cat","10.1152/jn.00865.2011"
"recxGoi3bAS1glsgD","Relative Contribution of Proprioceptive and Vestibular Sensory Systems to Locomotion: Opportunities for Discovery in the Age of Molecular Science","Akay","2021","Cat","10.3390/ijms22031467"
"recy0oLAVRRLclNXl","Modelling spinal circuitry involved in locomotor pattern generation: insights from deletions during fictive locomotion","Rybak","2006","Cat","10.1113/jphysiol.2006.118703"
"recyFbFcjkWSlqlMU","From Swimming to Walking with a Salamander Robot Driven by a Spinal Cord Model","Ijspeert","2007","Salamander",""
"recyRnIe8WN35qmqC","Effects of stimulation of hindlimb flexor group II afferents during fictive locomotion in the cat","Perreault","1995","Cat",""
