"parentKey","title","aarlFile","airtableFile","verdict"
"U47I2QZM","The neuromechanical tuning hypothesis","True","True","OK (files in both)"
"KGTN2CXP","Locomotor activity in spinal cord-injured persons","True","True","OK (files in both)"
"D6SZGC6D","Kinesthetic Senses","True","True","OK (files in both)"
"RGPAV78H","Brainstem Circuits for Locomotion","True","True","OK (files in both)"
"PHER5PA6","A biologically based neural system coordinates the joints and legs of a tetrapod","True","True","OK (files in both)"
"A924UV2P","AnimatLab: A 3D graphics environment for neuromechanical simulations","False","True","OVER-PURGED"
"ECAXY6SG","Proprioceptive modulation of hip flexor activity during the swing phase of locomotion in decerebrate cats.","True","True","OK (files in both)"
"FVXGFLYC","Load-regulating mechanisms in gait and posture: comparative aspects.","True","True","OK (files in both)"
"3MJ2HBKM","On the organization of the locomotor CPG: insights from split-belt locomotion and mathematical modeling","True","True","OK (files in both)"
"QIIZ42FT","Contribution of Sensory Feedback to the Generation of Extensor Activity During Walking in the Decerebrate Cat","True","True","OK (files in both)"
"D3GX3WKK","Spinal control of muscle synergies for adult mammalian locomotion","True","True","OK (files in both)"
"9BWZR29E","Ankle extensor group I afferents excite extensors throughout the hindlimb during fictive locomotion in the cat.","True","True","OK (files in both)"
"43BU34HI","Proprioception and locomotor disorders","True","True","OK (files in both)"
"DU5QNK4J","Modeling the spinal cord neural circuitry controlling cat hindlimb movement during locomotion","True","True","OK (files in both)"
"VC4P6AZ3","Effects of stimulation of hindlimb flexor group II afferents during fictive locomotion in the cat.","True","True","OK (files in both)"
"LSZGGFGJ","Human lumbar cord circuitries can be activated by extrinsic tonic input to generate locomotor-like activity","True","True","OK (files in both)"
"BJ2N3U2I","Neuronal activity in the isolated mouse spinal cord during spontaneous deletions in fictive locomotion: insights into locomotor central pattern generator organization","True","True","OK (files in both)"
"BUHUYBFR","Strategies for delineating spinal locomotor rhythm-generating networks and the possible role of Hb9 interneurones in rhythmogenesis","True","True","OK (files in both)"
"92EUXMBP","The special nature of human walking and its neural control","True","True","OK (files in both)"
"ZYYSS7P5","Synaptic control of hindlimb motoneurones during three forms of the fictive scratch reflex in the turtle.","True","True","OK (files in both)"
"U646MXD8","Neuromechanical Principles Underlying Movement Modularity and Their Implications for Rehabilitation","True","True","OK (files in both)"
"FHRRC8YZ","Ipsilateral and Contralateral Interactions in Spinal Locomotor Circuits Mediated by V1 Neurons: Insights from Computational Modeling","True","True","OK (files in both)"
"GKYP7G6R","The construction of movement by the spinal cord","True","True","OK (files in both)"
"CAG5YMY6","Insect Walking and Biorobotics: A Relationship with Mutual Benefits","True","True","OK (files in both)"
"5EASBQZ5","Intra-muscle Synergies Stabilizing Reflex-mediated Force Changes","True","True","OK (files in both)"
"38XBMS29","Speed dependency in ╬▒-motoneuron activity and locomotor modules in human locomotion: Indirect evidence for phylogenetically conserved spinal circuits","True","True","OK (files in both)"
"734BGJT4","Resonance tuning in a neuro-musculo-skeletal model of the forearm","True","True","OK (files in both)"
"K88MTURC","A neuromechanical simulation of insect walking and transition to turning of the cockroach Blaberus discoidalis","True","True","OK (files in both)"
"AA3XMLMD","Organization of left-right coordination of neuronal activity in the mammalian spinal cord: Insights from computational modelling","True","True","OK (files in both)"
"MJ342HLM","Organization of flexorΓÇôextensor interactions in the mammalian spinal cord: insights from computational modelling","True","True","OK (files in both)"
"JX2MIXNT","Decentralized control of insect walking: A simple neural network explains a wide range of behavioral and neurophysiological results","True","True","OK (files in both)"
"9XQDPXXQ","Modelling spinal circuitry involved in locomotor pattern generation: insights from the effects of afferent stimulation","True","True","OK (files in both)"
"PEFTU9LY","Neuromechanical Modeling of Posture and Locomotion","True","True","OK (files in both)"
"BAHCUDUI","Sophisticated spinal contributions to motor control","True","True","OK (files in both)"
"P6FDCTMB","Assessing sensory function in locomotor systems using neuro-mechanical simulations","True","True","OK (files in both)"
"WKYKY94C","Vestibulospinal, reticulospinal and descending propriospinal nerve fibres in man","True","True","OK (files in both)"
"6AU37D5R","Modeling the mammalian locomotor CPG: insights from mistakes and perturbations","True","True","OK (files in both)"
"HGW43UUJ","Motoneuronal and muscle synergies involved in cat hindlimb control during fictive and real locomotion: a comparison study","True","True","OK (files in both)"
"2H93W4LP","Simulations of neuromuscular control in lamprey swimming","True","True","OK (files in both)"
"ILMSDI8W","Spinal circuitry of sensorimotor control of locomotion","True","True","OK (files in both)"
"B3KZVEBX","Diversified physiological sensory input connectivity questions the existence of distinct classes of spinal interneurons","True","True","OK (files in both)"
"A5LE7SU5","Decoding the organization of spinal circuits that control locomotion","True","True","OK (files in both)"
"6Q4TJ7P3","Development and functional organization of spinal locomotor circuits","True","True","OK (files in both)"
"SSWM7YHF","A Simple Experimentally Based Model Using Proprioceptive Regulation of Motor Primitives Captures Adjusted Trajectory Formation in Spinal Frogs","True","True","OK (files in both)"
"F7JPQ74U","Five basic muscle activation patterns account for muscle activity during human locomotion: Basic muscle activation patterns","True","True","OK (files in both)"
"WSFS4K9E","Intralimb and Interlimb Cutaneous Reflexes during Locomotion in the Intact Cat","True","True","OK (files in both)"
"J7XB4P2H","Nonlinear Modulation of Cutaneous Reflexes with Increasing Speed of Locomotion in Spinal Cats","True","True","OK (files in both)"
"FHJG63EN","On the central generation of locomotion in the low spinal cat","True","True","OK (files in both)"
"ZM4HZBV2","Modulation of forelimb and hindlimb muscle activity during quadrupedal tied-belt and split-belt locomotion in intact cats","True","True","OK (files in both)"
"2K8ELXCU","Control of Mammalian Locomotion by Somatosensory Feedback","True","True","OK (files in both)"
"745GNY85","Leg Coordination Mechanisms in the Stick Insect Applied to Hexapod Robot Locomotion","True","True","OK (files in both)"
"GR7TQ57P","Activity of interneurons mediating reciprocal 1a inhibition during locomotion","True","True","OK (files in both)"
"VWCIHZ4G","Behaviour-based modelling of hexapod locomotion: linking biology and technical application","True","True","OK (files in both)"
"BH7M94J4","Control of oscillation periods and phase durations in half-center central pattern generators: a comparative mechanistic analysis","True","True","OK (files in both)"
"F3VSY427","The spinal control of locomotion and step-to-step variability in left-right symmetry from slow to moderate speeds","True","True","OK (files in both)"
"CQQVJSID","Modulation of phase durations, phase variations, and temporal coordination of the four limbs during quadrupedal split-belt locomotion in intact adult cats","True","True","OK (files in both)"
"Z87P34U5","What mechanisms coordinate leg movement in walking arthropods?","True","True","OK (files in both)"
"RGI8VAM4","Modular organization of motor behavior in the frog's spinal cord","True","True","OK (files in both)"
"VHZN5UKT","From swimming to walking with a salamander robot driven by a spinal cord model.","True","True","OK (files in both)"
"9DPF552F","A model of scale effects in mammalian quadrupedal running","True","True","OK (files in both)"
"CTCSZCPC","Human spinal locomotor control is based on flexibly organized burst generators","True","True","OK (files in both)"
"TW9H9HAG","Decoding the mechanisms of gait generation in salamanders by combining neurobiology, modeling and robotics","True","True","OK (files in both)"
"HC3THIP7","Left-right coordination from simple to extreme conditions during split-belt locomotion in the chronic spinal adult cat","True","True","OK (files in both)"
"7M7SRMUQ","Rhythmic Patterns in the Thoracic Nerve Cord of the Stick Insect Induced by Pilocarpine","False","True","OVER-PURGED"
"54A9CJHM","On the nature of the fundamental activity of the nervous centres; together with an analysis of the conditioning of rhythmic activity in progression, and a theory of the evolution of function in the nervous system","True","True","OK (files in both)"
"SQ3KDZSV","Current Principles of Motor Control, with Special Reference to Vertebrate Locomotion","True","True","OK (files in both)"
"8QM6JLF7","On the Organization of the Locomotor CPG: Insights From Split-Belt Locomotion and Mathematical Modeling","True","True","OK (files in both)"
"GI7LBLNV","Computational modeling of spinal circuits controlling limb coordination and gaits in quadrupeds","True","True","OK (files in both)"
"KF7FDS4P","Bio-inspired controller achieving forward speed modulation with a 3D bipedal walker","True","True","OK (files in both)"
"L3L5VNCB","Neuromechanical Model of Rat Hind Limb Walking with Two-Layer CPGs","True","True","OK (files in both)"
"VVKDV22G","New Moves in Motor Control","True","True","OK (files in both)"
"NEIRYH62","Positive Force Feedback Control of Muscles","True","True","OK (files in both)"
"C9MSANVZ","Mechanosensation and Adaptive Motor Control in Insects","True","True","OK (files in both)"
"MA5R8WXG","Spinal cord pattern generators for locomotion","True","True","OK (files in both)"
"GDK7H3J3","Role of sensory feedback in the control of stance duration in walking cats.","True","True","OK (files in both)"
"22YQT8RD","Sensory feedback in cockroach locomotion: current knowledge and open questions","True","True","OK (files in both)"
"82UYY6EI","The comparative investigation of the stick insect and cockroach models in the study of insect locomotion","True","True","OK (files in both)"
"YJ8X9HU8","Modular organization of murine locomotor pattern in the presence and absence of sensory feedback from muscle spindles","True","True","OK (files in both)"
"KJLW477J","Distributed force feedback in the spinal cord and the regulation of limb mechanics","True","True","OK (files in both)"
"C4TQ6ZMK","A role for hip position in initiating the swing-to-stance transition in walking cats.","True","True","OK (files in both)"
