att_key,collection,doi,action
T3QJMZ9L,RBG8ZVYP,10.1016/j.isci.2022.104083,DELETED via +AARL+Airtable
57CXDSFR,RBG8ZVYP,10.1146/annurev-neuro-082321-025137,DELETED via +AARL+Airtable
Q2A3ELQ2,RBG8ZVYP,10.3389/fncir.2023.1235181,DELETED via +Airtable
DHK6PVJ3,RBG8ZVYP,10.1007/s00422-023-00970-z,DELETED via +Airtable
PCRT7K2B,RBG8ZVYP,10.1152/jn.00248.2023,KEPT (no redundant copy)
PTPUPDEE,RBG8ZVYP,10.1113/jp286808,KEPT (no redundant copy)
N2JNTBAV,RBG8ZVYP,10.7554/elife.98841,DELETED via +AARL
M625NCLZ,RBG8ZVYP,10.7554/elife.103504,DELETED via +AARL
28KHCL65,RBG8ZVYP,10.1371/journal.pcbi.1013494,DELETED via +Airtable
BT2XVMWY,RBG8ZVYP,10.1016/j.cub.2025.09.030,KEPT (no redundant copy)
3SRA6RP9,RBG8ZVYP,10.1038/s42003-024-06843-w,DELETED via +Airtable
M2TD2YZ5,RBG8ZVYP,10.1371/journal.pcbi.1012101,KEPT (no redundant copy)
QTFDM9IC,RBG8ZVYP,10.1007/978-94-007-7194-9_49-1,KEPT (no redundant copy)
5JNA8S9B,RBG8ZVYP,10.1242/jeb.198.2.435,DELETED via staging+AARL+Airtable
HMU7XHUC,RBG8ZVYP,10.1016/j.jneumeth.2010.01.005,DELETED via staging+AARL+Airtable
Y9BRJGF4,RBG8ZVYP,10.3389/fnbot.2017.00037,DELETED via staging+AARL+Airtable
WBNZEJFV,RBG8ZVYP,10.3390/biomimetics7010017,DELETED via +AARL
HUMRI5PP,RBG8ZVYP,10.3389/fbioe.2022.825149,DELETED via +AARL+Airtable
QLY9YJ7F,RBG8ZVYP,10.1152/jn.90895.2008,DELETED via +AARL
TIU6J4R2,RBG8ZVYP,10.1016/j.neuron.2008.09.027,DELETED via +AARL
CPUQW4VI,RBG8ZVYP,10.1113/jp274518,DELETED via staging+AARL
CGXPIYJZ,RBG8ZVYP,10.1113/jp272787,DELETED via staging+AARL
AXU8M97Z,RBG8ZVYP,10.1152/jn.00658.2017,DELETED via staging+AARL
AGNY8H4E,RBG8ZVYP,10.3390/ijms22031394,DELETED via staging+AARL
8TGRY985,RBG8ZVYP,10.7287/peerj.preprints.26734v1,DELETED via staging+AARL
89G9WWQQ,RBG8ZVYP,10.1113/jphysiol.1987.sp016676,DELETED via staging+AARL
7LDZRTYS,RBG8ZVYP,10.1523/jneurosci.1737-09.2009,DELETED via staging+AARL
47QYMID7,RBG8ZVYP,10.1098/rspb.1911.0077,DELETED via staging+AARL
3M75PYLM,RBG8ZVYP,10.3389/fnsys.2023.1199079,DELETED via staging+AARL
3M6ICAMG,RBG8ZVYP,10.1016/j.conb.2009.10.011,DELETED via staging+AARL
3HM2QQVU,RBG8ZVYP,10.1007/bf00227344,DELETED via staging+AARL+Airtable
2QWNS6EQ,RBG8ZVYP,10.1177/0278364905055381,DELETED via staging+AARL
GQXBBP2T,RBG8ZVYP,10.1101/2023.10.31.564886,DELETED via +AARL
ISTFNXMB,RBG8ZVYP,10.1152/jn.00250.2018,DELETED via +AARL
NA66A23F,RBG8ZVYP,10.1007/978-3-319-95972-6_21,DELETED via +AARL
EDM538U9,RBG8ZVYP,10.1109/lcsys.2018.2871126,DELETED via staging+AARL
WYLEYYTE,RBG8ZVYP,10.1152/jn.00486.2017,DELETED via +AARL
W5CWNDLA,RBG8ZVYP,10.1007/s00422-020-00851-9,DELETED via +AARL
KQQ4LZS6,RBG8ZVYP,10.3390/ijms22116007,DELETED via +AARL
IB5AUAXS,RBG8ZVYP,10.1073/pnas.1419045111,DELETED via +AARL+Airtable
ZLGS2H3K,RBG8ZVYP,10.1152/jn.01271.2003,DELETED via +AARL
M2UUSLMY,RBG8ZVYP,10.3390/ijms22031467,DELETED via +AARL+Airtable
GCM5KYXP,RBG8ZVYP,10.1152/jn.00866.2014,DELETED via +AARL
GXXKCPBQ,RBG8ZVYP,10.1016/j.neuron.2013.02.007,DELETED via +AARL
FRXD4KXB,RBG8ZVYP,10.1152/jn.90729.2008,DELETED via staging+AARL
WPHXZALY,RBG8ZVYP,10.1016/j.cell.2015.06.036,DELETED via +AARL
HDM7M4CE,RBG8ZVYP,10.1111/j.1469-7793.2000.00817.x,DELETED via +AARL
LBX66ST6,RBG8ZVYP,10.14288/1.0071394,DELETED via +AARL
HW4FJKN4,RBG8ZVYP,10.1152/jn.00261.2012,DELETED via +AARL
NLTC79EA,RBG8ZVYP,10.1152/jn.1997.77.2.797,DELETED via +AARL
S3M5KJ8M,RBG8ZVYP,10.1016/j.neuron.2008.08.009,DELETED via +AARL
XCNEUBGL,RBG8ZVYP,10.1523/jneurosci.1206-09.2009,DELETED via +AARL
W2DGDE89,RBG8ZVYP,10.3390/ijms22115882,DELETED via +AARL
JSG637UJ,RBG8ZVYP,10.1016/j.neuron.2006.11.008,DELETED via +AARL
KKPHWB4W,RBG8ZVYP,10.1038/s41598-018-35714-8,DELETED via +AARL+Airtable
PF26U8W8,RBG8ZVYP,10.3389/fnins.2019.01288,DELETED via +AARL+Airtable
U3FBK3JK,RBG8ZVYP,10.1523/jneurosci.22-22-09961.2002,DELETED via +AARL
FAI4RHRI,RBG8ZVYP,10.3389/fncir.2022.1076766,DELETED via staging+AARL+Airtable
SIWBHI87,RBG8ZVYP,10.1111/j.1469-7793.2000.00639.x,DELETED via +AARL
NTS5B3Z4,RBG8ZVYP,10.1038/nature04545,DELETED via +AARL
PG7CF26T,RBG8ZVYP,10.1016/s0896-6273(03)00353-2,DELETED via +AARL
NHS832UF,RBG8ZVYP,10.1016/j.robot.2011.12.005,DELETED via +AARL
CR5JB59J,RBG8ZVYP,10.1016/j.neuron.2012.05.011,DELETED via staging+AARL
IV3KANKS,RBG8ZVYP,10.3389/fnbot.2017.00039,DELETED via +AARL+Airtable
HIJR2VK2,RBG8ZVYP,10.1152/jn.1999.82.1.290,DELETED via +AARL
J4ULK6RU,RBG8ZVYP,10.1111/nyas.12055,DELETED via +AARL
VH9PQ98S,RBG8ZVYP,10.1152/jn.00479.2001,DELETED via +AARL
MLX6ERGC,RBG8ZVYP,10.1152/physrev.00028.2005,DELETED via +AARL
QCHTWZQ5,RBG8ZVYP,10.1152/jn.00991.2004,DELETED via +AARL
LIJIS5WA,RBG8ZVYP,10.1111/j.1749-6632.2010.05435.x,DELETED via +AARL
U7T7894Y,RBG8ZVYP,10.1098/rstb.2006.1889,DELETED via +AARL
YT33NN9W,RBG8ZVYP,10.3390/app8010006,DELETED via +AARL
X7ZRIQ5W,RBG8ZVYP,10.1152/jn.00863.2002,DELETED via +AARL+Airtable
BSMM6LVW,RBG8ZVYP,10.1152/jn.00204.2023,DELETED via staging+AARL
BJNJT7IM,RBG8ZVYP,10.1146/annurev-neuro-083122-025325,DELETED via staging+AARL
BBLPKL8G,RBG8ZVYP,10.3389/fphys.2018.00784,DELETED via staging+AARL+Airtable
AS875WN2,RBG8ZVYP,10.1152/jn.00820.2013,DELETED via staging+AARL
ARL8C6X2,RBG8ZVYP,10.1113/jphysiol.2004.076034,DELETED via staging+AARL
AE2VEALH,RBG8ZVYP,10.1002/jnr.24791,DELETED via staging+AARL
9A3MLZZE,RBG8ZVYP,10.1073/pnas.1304365110,DELETED via staging+AARL
4HGBEETW,RBG8ZVYP,10.1113/jphysiol.2006.113043,DELETED via staging+AARL
3IRYTQQV,RBG8ZVYP,10.1002/cne.23904,DELETED via staging+AARL
2QRUD5B6,RBG8ZVYP,10.1152/jn.00739.2014,DELETED via staging+AARL
2NF5VGMI,RBG8ZVYP,10.1111/j.1469-7793.1999.00691.x,DELETED via staging+AARL
JHXFUNC5,RBG8ZVYP,10.1113/jphysiol.1958.sp006101,DELETED via +AARL
UP82GPFY,RBG8ZVYP,10.1016/b978-0-444-53613-6.00006-x,DELETED via +AARL
MB8TM5BW,RBG8ZVYP,10.1152/jn.01300.2004,DELETED via +AARL
N954F5L8,RBG8ZVYP,10.1152/jn.2001.86.1.447,DELETED via +AARL
FZ6ZSP2C,RBG8ZVYP,10.1145/245108.245118,DELETED via staging+AARL
XKF43XMG,RBG8ZVYP,10.3389/fneur.2012.00183,DELETED via +AARL+Airtable
RTDC2FX8,RBG8ZVYP,10.1098/rstb.2009.0322,DELETED via +AARL
J3GFD5CD,RBG8ZVYP,10.1152/jn.1998.79.4.1687,DELETED via +AARL
XAI47NW4,RBG8ZVYP,10.1152/jn.00871.2015,DELETED via +AARL
F8IXUK6M,RBG8ZVYP,10.1152/jn.00602.2017,DELETED via staging+AARL
FH28BPV2,RBG8ZVYP,10.1523/jneurosci.16-18-05777.1996,DELETED via staging+AARL
Z4ZHBV95,RBG8ZVYP,10.7554/elife.04718,DELETED via +AARL
SV2FP2VX,RBG8ZVYP,10.1101/2022.05.21.492933,DELETED via +AARL
Q9M3R36V,RBG8ZVYP,10.1113/jphysiol.2010.195644,DELETED via +AARL
QQAWU48V,RBG8ZVYP,10.1523/jneurosci.5188-14.2015,DELETED via +AARL
IVAR36JD,RBG8ZVYP,10.3389/fnbot.2020.577804,DELETED via +AARL+Airtable
XA75LZQK,RBG8ZVYP,10.1113/jphysiol.2012.234609,DELETED via +AARL
EQ9FJRGH,RBG8ZVYP,10.3389/fncom.2013.00083,DELETED via staging+AARL+Airtable
R82ZB32F,RBG8ZVYP,10.1152/jn.00216.2005,DELETED via +AARL
N2E9AB57,RBG8ZVYP,10.3389/fnins.2021.720542,DELETED via +AARL+Airtable
GIB9XWCY,RBG8ZVYP,10.1113/jphysiol.1996.sp021538,DELETED via +AARL
HHAMB3JE,RBG8ZVYP,10.1101/2020.07.29.226530,DELETED via +AARL
I4SGL4NJ,RBG8ZVYP,10.1016/j.conb.2009.09.002,DELETED via +AARL
R6E4WUGF,RBG8ZVYP,10.1038/nrn2608,DELETED via +AARL
U53L9EPS,RBG8ZVYP,10.1523/jneurosci.19-24-10966.1999,DELETED via +AARL
YTLZ7LCE,RBG8ZVYP,10.1523/jneurosci.1082-18.2018,DELETED via +AARL
SJWI9DT6,RBG8ZVYP,10.1016/j.cophys.2019.03.001,DELETED via +AARL
SVM2JBR4,RBG8ZVYP,10.1523/jneurosci.22-18-08259.2002,DELETED via +AARL
UGLNJ35B,RBG8ZVYP,10.1111/j.1469-7793.2000.00389.x,DELETED via +AARL
R2YXWJFY,RBG8ZVYP,10.1523/jneurosci.1654-20.2020,DELETED via +AARL
JMMG94IF,RBG8ZVYP,10.1152/jn.01177.2006,DELETED via +AARL
TSJFAR74,RBG8ZVYP,10.1038/s41467-023-36587-w,DELETED via +AARL
WPQFNA9G,RBG8ZVYP,10.1152/jn.00322.2017,DELETED via +AARL
BYXJAITS,RBG8ZVYP,10.1152/jn.00550.2017,DELETED via staging+AARL
BN4UZ9HG,RBG8ZVYP,10.1016/j.neuron.2013.08.015,DELETED via staging+AARL
9PBB27C5,RBG8ZVYP,10.1523/jneurosci.0816-20.2020,DELETED via staging+AARL
8ZEDCLY9,RBG8ZVYP,10.1523/jneurosci.3338-09.2009,DELETED via staging+AARL
8RJT2FWS,RBG8ZVYP,10.1016/s0966-6362(97)00042-8,DELETED via staging+AARL
8IYQQ86M,RBG8ZVYP,10.1038/s41467-023-39034-y,DELETED via staging+AARL+Airtable
6EEHLQ7T,RBG8ZVYP,10.1152/jn.00020.2021,DELETED via staging+AARL
5KVPMN6U,RBG8ZVYP,10.1007/s10827-014-0519-3,DELETED via staging+AARL+Airtable
5CQ4FFIE,RBG8ZVYP,10.1152/jn.00175.2005,DELETED via staging+AARL
5BZD2LDG,RBG8ZVYP,10.1113/jphysiol.2008.158105,DELETED via staging+AARL
3TLJKCNR,RBG8ZVYP,10.1152/jn.00176.2005,DELETED via staging+AARL
3AD6QFNF,RBG8ZVYP,10.1111/j.1469-7793.2000.t01-1-00549.x,DELETED via staging+AARL
2JNQK632,RBG8ZVYP,10.1523/eneuro.0069-15.2015,DELETED via staging+AARL+Airtable
2IKESCA2,RBG8ZVYP,10.1152/jn.90918.2008,DELETED via staging+AARL
269D4I7M,RBG8ZVYP,10.1016/j.neuroscience.2020.09.017,DELETED via staging+AARL
EDC2IELM,RBG8ZVYP,10.1152/jn.00497.2003,DELETED via staging+AARL
L9CEAFWN,RBG8ZVYP,10.1152/jn.00891.2006,DELETED via +AARL
IRNAFPRJ,RBG8ZVYP,10.1113/jphysiol.1982.sp014319,DELETED via +AARL
DNZH94EE,RBG8ZVYP,10.1523/jneurosci.1618-07.2007,DELETED via staging+AARL
X9ZQJKFL,RBG8ZVYP,10.1152/jn.00718.2011,DELETED via +AARL
HBXEMWEI,RBG8ZVYP,10.1113/jphysiol.2005.095505,DELETED via +AARL
QDCYC4UZ,RBG8ZVYP,10.1152/jn.00944.2011,DELETED via +AARL
KUWGNTLE,RBG8ZVYP,10.1523/jneurosci.5486-10.2011,DELETED via +AARL
X8VYY6I4,RBG8ZVYP,10.3390/biomimetics7040226,DELETED via +AARL
NAMAK52A,RBG8ZVYP,10.1523/jneurosci.20-22-08577.2000,DELETED via +AARL
FKSUFZVT,RBG8ZVYP,10.1152/jn.1998.79.4.1702,DELETED via staging+AARL
KDM6LNP8,RBG8ZVYP,10.1113/jphysiol.1957.sp005794,DELETED via +AARL
S96NBBZW,RBG8ZVYP,10.1113/jphysiol.1957.sp005849,DELETED via +AARL
X58PT9M5,RBG8ZVYP,10.1242/jeb.056481,DELETED via +AARL
KAA8KFWP,RBG8ZVYP,10.1089/neu.2022.0042,DELETED via +AARL
Q4RFLCD9,RBG8ZVYP,10.1523/jneurosci.2005-13.2013,DELETED via +AARL
CMKCFGXM,RBG8ZVYP,10.1016/j.neuron.2014.02.013,DELETED via staging+AARL
JXG86KPX,RBG8ZVYP,10.1113/jphysiol.2005.091744,DELETED via +AARL
Q55J9XY9,RBG8ZVYP,10.1113/jphysiol.1992.sp019296,DELETED via +AARL
LPNS8DA6,RBG8ZVYP,10.1523/jneurosci.15-07-04943.1995,DELETED via +AARL
HYIJTICA,RBG8ZVYP,10.3727/096368911x627598,DELETED via +AARL
RNKRY7A9,RBG8ZVYP,10.1152/jn.00888.2005,DELETED via +AARL
RRVWAYJN,RBG8ZVYP,10.3389/fncom.2013.00014,DELETED via +AARL+Airtable
I5QEVNE8,RBG8ZVYP,10.1016/j.arcontrol.2019.04.004,DELETED via +AARL+Airtable
L4GI8L95,RBG8ZVYP,10.1088/1748-3190/aada54,DELETED via +AARL
XJJLS4RK,RBG8ZVYP,10.1152/jn.00325.2004,DELETED via +AARL
FS5NATYM,RBG8ZVYP,10.1113/jphysiol.1993.sp019498,DELETED via staging+AARL
D58QGTAB,RBG8ZVYP,10.1113/jphysiol.2013.261115,DELETED via staging+AARL
C768R676,RBG8ZVYP,10.1113/jphysiol.1983.sp014663,DELETED via staging+AARL
BVW9QVKY,RBG8ZVYP,10.1523/jneurosci.0612-22.2022,DELETED via staging+AARL
7WU4IIVP,RBG8ZVYP,10.1523/jneurosci.5894-08.2010,DELETED via staging+AARL
7JXDCYCG,RBG8ZVYP,10.1152/jn.00347.2019,DELETED via staging+AARL
7ACBM44L,RBG8ZVYP,10.7554/elife.73424,DELETED via staging+AARL
6WWPSZ4K,RBG8ZVYP,10.1152/physrev.2001.81.2.539,DELETED via staging+AARL
6V66UIQ3,RBG8ZVYP,10.3389/fnins.2018.00053,DELETED via staging+AARL+Airtable
5937E9U9,RBG8ZVYP,10.1152/jn.1999.81.4.1856,DELETED via staging+AARL
43XBWLWJ,RBG8ZVYP,10.1101/226316,DELETED via staging+AARL
3JKYYN8L,RBG8ZVYP,10.1152/jn.00496.2003,DELETED via staging+AARL
3ECIQD32,RBG8ZVYP,10.3389/fnsys.2022.814028,DELETED via staging+AARL+Airtable
3EA58R8T,RBG8ZVYP,10.1152/jn.1997.77.6.3311,DELETED via staging+AARL
39FILAMJ,RBG8ZVYP,10.14814/phy2.13504,DELETED via staging+AARL
HKKG8BST,RBG8ZVYP,10.1038/s41598-021-90058-0,DELETED via +AARL
XRF7M68G,RBG8ZVYP,10.1101/2020.07.16.205856,DELETED via +AARL
RN257M7P,RBG8ZVYP,10.1101/2021.09.01.458603,DELETED via +AARL
E4YS2UK6,RBG8ZVYP,10.1038/ncomms1276,DELETED via staging+AARL+Airtable
KPUKD5J2,RBG8ZVYP,10.21203/rs.3.rs-153297/v1,DELETED via +AARL+Airtable
REM4TNZB,RBG8ZVYP,10.1002/cne.20711,DELETED via +AARL
LVEX7ZAJ,RBG8ZVYP,10.7939/r3-jt04-kz83,DELETED via +AARL
ZC386V78,RBG8ZVYP,10.3390/biomimetics4010010,DELETED via +AARL
ITZKK35Y,RBG8ZVYP,10.1016/s0960-9822(01)00581-4,DELETED via +AARL
RFHCJXUU,RBG8ZVYP,10.3389/fncel.2019.00452,DELETED via +AARL+Airtable
DZIAWFUP,RBG8ZVYP,10.1113/jphysiol.1981.sp013556,DELETED via staging+AARL
N2XKAUYD,RBG8ZVYP,10.1111/j.1460-9568.2010.07354.x,DELETED via +AARL
ESZT2H87,RBG8ZVYP,10.1016/j.brainresrev.2007.06.022,DELETED via staging+AARL
YKU72TBX,RBG8ZVYP,10.1007/s00422-016-0704-8,DELETED via +AARL
NMFMMA6K,RBG8ZVYP,10.1016/j.conb.2015.03.001,DELETED via +AARL
N3UPAJ6L,RBG8ZVYP,10.1113/jphysiol.1995.sp020897,DELETED via +AARL
QUYJVJZT,RBG8ZVYP,10.1152/jn.00996.2009,DELETED via +AARL
EFEIMKTA,RBG8ZVYP,10.1016/j.celrep.2018.08.095,DELETED via staging+AARL
SVW8KQ2S,RBG8ZVYP,10.1152/jn.00909.2004,DELETED via +AARL
YPMRGLWE,RBG8ZVYP,10.1523/jneurosci.06-05-01308.1986,DELETED via +AARL
TT7LSVCK,RBG8ZVYP,10.1113/jphysiol.1910.sp001362,DELETED via +AARL
BD2MCTWC,RBG8ZVYP,10.3389/fncel.2019.00512,DELETED via staging+AARL+Airtable
B24E7NHB,RBG8ZVYP,10.1523/jneurosci.3931-12.2013,DELETED via staging+AARL
ALMGXZZK,RBG8ZVYP,10.1111/j.1469-7793.1998.293bu.x,DELETED via staging+AARL
AJKJBBXG,RBG8ZVYP,10.1111/j.1469-7793.1998.277bu.x,DELETED via staging+AARL
83RA2CF6,RBG8ZVYP,10.1113/jphysiol.2009.176669,DELETED via staging+AARL
64SCAAVE,RBG8ZVYP,10.1152/jn.00524.2013,DELETED via staging+AARL
T4L9LF2I,RBG8ZVYP,10.1152/jn.00194.2019,DELETED via +AARL
X7L89PYM,RBG8ZVYP,10.1152/jn.00615.2004,DELETED via +AARL
JHEZHHDS,RBG8ZVYP,10.1242/jeb.245784,DELETED via +AARL
FWX4BP6P,RBG8ZVYP,10.1152/jn.00310.2020,DELETED via +AARL
JFZ79P7W,RBG8ZVYP,10.3389/fncir.2023.1146449,DELETED via +AARL+Airtable
HIIA6G5Q,RBG8ZVYP,10.1152/jn.00978.2016,DELETED via +AARL
MRYN67BY,RBG8ZVYP,10.1152/jn.01028.2009,DELETED via +AARL
HYT5D5BK,RBG8ZVYP,10.1093/icb/icm065,DELETED via +AARL
G3KI3N72,RBG8ZVYP,10.1016/j.neuron.2011.07.011,DELETED via +AARL
NDJXT5KL,RBG8ZVYP,10.1152/jn.1997.77.6.3237,DELETED via +AARL
FAEYIIBZ,RBG8ZVYP,10.1113/jphysiol.2006.118703,DELETED via staging+AARL+Airtable
YRE2K9TJ,RBG8ZVYP,10.1098/rsif.2012.0669,DELETED via +AARL
EWNZK2VU,RBG8ZVYP,10.1016/j.brainresrev.2007.08.006,DELETED via staging+AARL+Airtable
MXBZHJHL,RBG8ZVYP,10.1007/s10489-021-02275-9,DELETED via +AARL+Airtable
K2J9YCWX,RBG8ZVYP,10.7939/r3639kg5w,DELETED via +AARL
XJUH24BH,RBG8ZVYP,10.3389/fnbot.2017.00018,DELETED via +AARL+Airtable
Y6VEI3AK,RBG8ZVYP,10.1007/978-1-4939-3267-2_2,DELETED via +AARL
LYX6K5MQ,RBG8ZVYP,10.1523/jneurosci.4849-09.2010,DELETED via +AARL
8EWRN9CN,RBG8ZVYP,10.1007/s00422-017-0711-4,DELETED via staging+AARL
DNVUUWXF,RBG8ZVYP,10.1088/1748-3190/10/4/041001,DELETED via staging+AARL
KIWKLCZP,RBG8ZVYP,10.1088/1748-3190/aa8290,DELETED via staging+AARL
57CXDSFR,NZBY3DE7,10.1146/annurev-neuro-082321-025137,FAIL HTTP 412 Item not found (expected version 3468)
TJ8ZM2AA,NZBY3DE7,10.1152/jn.00833.2002,DELETED via +AARL
TR8LBFMK,NZBY3DE7,10.1038/nn.4077,DELETED via +AARL
C6252AEY,NZBY3DE7,,KEPT (no redundant copy)
72S2RJ7S,NZBY3DE7,10.1152/physrev.1992.72.3.623,DELETED via staging+AARL
4P3JCV9C,NZBY3DE7,,KEPT (no redundant copy)
WB9IPAAQ,NZBY3DE7,10.1152/jn.00497.2017,DELETED via +AARL
IGDCL9H8,NZBY3DE7,,KEPT (no redundant copy)
Z97TV8P7,NZBY3DE7,,KEPT (no redundant copy)
GHSPU4RJ,NZBY3DE7,10.1152/jn.1991.66.6.1874,DELETED via +AARL
NP5434U3,NZBY3DE7,10.1038/nn.4077,DELETED via staging+AARL
6LM33WX6,2HJUIDGU,10.7554/elife.107480,KEPT (no redundant copy)
3BRM8ZL9,2HJUIDGU,10.1101/2025.11.11.687930,KEPT (no redundant copy)
5JNA8S9B,2HJUIDGU,10.1242/jeb.198.2.435,FAIL HTTP 412 Item not found (expected version 3335)
TR8LBFMK,2HJUIDGU,10.1038/nn.4077,FAIL HTTP 412 Item not found (expected version 2464)
J3L2N3YY,2HJUIDGU,10.1152/jn.00065.2005,DELETED via +AARL
Y6VEI3AK,2HJUIDGU,10.1007/978-1-4939-3267-2_2,FAIL HTTP 412 Item not found (expected version 2380)
DY4Z48NQ,2HJUIDGU,10.1109/tnsre.2010.2047592,DELETED via staging+AARL+Airtable
NP5434U3,2HJUIDGU,10.1038/nn.4077,FAIL HTTP 412 Item not found (expected version 118)
