ts,trial,phase_reset_e,phase_reset_f,f1_kneext_inh,run,kine_score,duty,knee_min,rmse_hip,rmse_knee,rmse_ankle,cadence,tilt_max,stayed_up,npz
2026-09-14 19:14:55,0,0.4911,1.7168,0.0000,eval,-94.562,0.205,-49.66,27.91,23.13,22.87,0.364,16.6,True,
2026-09-14 19:16:23,0,0.4911,1.7168,0.0000,full22,-94.745,0.183,-48.95,27.86,23.24,22.76,0.400,16.9,True,v9_best_trial0.npz
2026-09-14 19:17:24,1,0.7457,1.3597,0.5126,eval,-25.000,nan,nan,nan,nan,nan,0.000,20.2,True,
2026-09-14 19:18:27,2,0.1514,1.3129,1.0185,eval,-82.691,0.444,-83.09,24.58,26.56,8.41,0.818,23.1,True,
2026-09-14 19:19:54,2,0.1514,1.3129,1.0185,full22,-82.340,0.268,-82.75,24.51,25.41,8.42,0.800,23.1,True,v9_best_trial2.npz
2026-09-14 19:20:57,3,1.5448,0.1358,1.3722,eval,-81.370,0.182,-77.63,27.29,20.42,16.18,0.636,13.6,True,
2026-09-14 19:22:25,3,1.5448,0.1358,1.3722,full22,-81.488,0.155,-77.68,27.02,19.98,16.21,0.700,14.4,True,v9_best_trial3.npz
2026-09-14 19:23:28,4,0.3818,0.9813,1.4240,eval,-91.983,0.188,-79.66,23.68,21.55,17.12,0.909,16.2,True,
2026-09-14 19:24:31,5,0.2579,1.5211,0.4033,eval,-67.530,0.213,-78.61,27.86,17.67,9.08,0.455,16.2,True,
2026-09-14 19:25:59,5,0.2579,1.5211,0.4033,full22,-67.205,0.241,-79.01,28.24,17.87,9.09,0.400,16.5,True,v9_best_trial5.npz
2026-09-14 19:27:02,6,1.0936,1.3934,1.9262,eval,-83.901,0.477,-86.48,25.94,30.01,8.50,0.909,22.2,True,
2026-09-14 19:28:03,7,0.5088,1.3377,1.5198,eval,-25.000,nan,nan,nan,nan,nan,0.000,15.1,True,
2026-09-14 19:29:05,8,0.1970,1.1204,1.4201,eval,-83.419,0.268,-87.90,30.15,22.91,16.16,0.364,20.7,True,
2026-09-14 19:30:07,9,1.3885,0.1057,1.1629,eval,-85.924,0.492,-81.91,25.10,32.23,8.09,0.909,21.8,True,
2026-09-14 19:31:08,10,0.5994,0.3393,0.5725,eval,-94.473,0.085,-72.75,26.05,18.37,21.69,0.364,12.5,True,
2026-09-14 19:32:10,11,1.9393,0.7378,1.8129,eval,-105.961,0.098,-91.74,36.03,29.87,14.45,0.455,17.5,True,
2026-09-14 19:33:12,12,0.3636,1.0971,0.2067,eval,-71.363,0.216,-70.58,29.83,19.36,7.86,0.182,14.7,True,
2026-09-14 19:34:14,13,0.0093,1.2649,0.1125,eval,-73.037,0.208,-61.88,27.84,19.99,8.26,0.455,14.2,True,
2026-09-14 19:35:15,14,0.1890,1.1653,0.1343,eval,-25.000,nan,nan,nan,nan,nan,0.000,14.1,True,
2026-09-14 19:36:17,15,0.3605,0.5442,0.3151,eval,-25.000,nan,nan,nan,nan,nan,0.000,15.3,True,
2026-09-14 19:37:18,16,0.7267,1.2481,0.4446,eval,-69.539,0.233,-86.78,29.11,20.64,10.90,0.455,19.1,True,
2026-09-14 19:38:20,17,0.0690,1.9100,0.5209,eval,-68.860,0.204,-86.24,27.10,21.20,10.63,0.364,19.8,True,
2026-09-14 19:39:22,18,0.0056,1.5721,0.3506,eval,-25.000,nan,nan,nan,nan,nan,0.000,16.5,True,
2026-09-14 19:40:24,19,0.1630,1.9813,0.6877,eval,-73.109,0.241,-90.06,28.10,21.19,8.40,0.455,21.3,True,
2026-09-14 19:41:26,20,0.1522,1.8421,0.4126,eval,-69.273,0.207,-83.83,27.42,19.68,10.95,0.455,19.5,True,
2026-09-14 19:42:27,21,0.6637,1.7440,0.6452,eval,-90.868,0.201,-86.20,34.96,24.92,9.68,0.364,16.7,True,
2026-09-14 19:43:29,22,0.2789,1.3949,0.3152,eval,-70.070,0.201,-72.59,25.68,17.34,9.03,0.455,16.3,True,
2026-09-14 19:44:31,23,0.5681,1.8361,0.6987,eval,-73.142,0.226,-85.93,25.72,20.66,14.28,0.182,21.4,True,
2026-09-14 19:45:33,24,0.3238,1.4397,0.6674,eval,-67.987,0.198,-78.63,25.53,16.65,7.40,0.455,17.2,True,
2026-09-14 19:46:34,25,0.6534,1.3554,0.3643,eval,-91.889,0.210,-84.53,35.01,24.76,9.79,0.364,17.3,True,
2026-09-14 19:47:36,26,0.6087,1.3122,0.1147,eval,-72.578,0.224,-58.85,27.11,21.25,8.43,0.545,17.0,True,
2026-09-14 19:48:38,27,0.1366,1.5309,0.2245,eval,-25.000,nan,nan,nan,nan,nan,0.000,18.1,True,
2026-09-14 19:49:39,28,0.3886,1.1577,0.7710,eval,-69.930,0.195,-80.27,24.67,17.62,7.74,0.364,18.3,True,
2026-09-14 19:50:41,29,0.2002,1.9712,0.9058,eval,-69.159,0.226,-74.95,26.15,17.18,9.19,0.455,16.4,True,
2026-09-14 19:51:42,30,0.3383,1.2939,0.6544,eval,-67.659,0.195,-77.29,27.12,17.41,9.08,0.364,15.5,True,
2026-09-14 19:52:44,31,0.4468,1.0879,0.4642,eval,-73.037,0.197,-73.65,24.24,16.98,9.84,0.364,15.0,True,
2026-09-14 19:53:46,32,0.5233,1.0450,0.6572,eval,-25.000,nan,nan,nan,nan,nan,0.000,16.4,True,
2026-09-14 19:54:47,33,0.1915,1.2788,0.1361,eval,-83.655,0.186,-63.82,34.11,25.34,7.85,0.364,14.8,True,
2026-09-14 19:55:49,34,0.2080,1.1924,0.8666,eval,-25.000,nan,nan,nan,nan,nan,0.000,14.8,True,
2026-09-14 19:56:51,35,0.4578,1.2146,0.3419,eval,-25.000,nan,nan,nan,nan,nan,0.000,16.1,True,
2026-09-14 19:57:52,36,0.0032,1.1864,0.4225,eval,-65.402,0.184,-78.08,30.60,19.49,7.23,0.364,15.7,True,
2026-09-14 19:59:18,36,0.0032,1.1864,0.4225,full22,-71.527,0.198,-80.74,31.85,20.50,7.14,0.200,16.1,True,v9_best_trial36.npz
2026-09-14 20:00:20,37,0.2225,0.7714,0.5322,eval,-25.000,nan,nan,nan,nan,nan,0.000,15.9,True,
2026-09-14 20:01:22,38,0.4490,1.4612,0.6281,eval,-74.539,0.224,-72.04,23.17,17.41,9.75,0.545,15.4,True,
2026-09-14 20:02:24,39,0.2287,1.5899,0.3914,eval,-67.289,0.178,-72.78,27.19,17.93,6.54,0.364,15.1,True,
2026-09-14 20:03:26,40,0.1721,1.3618,1.0088,eval,-72.881,0.168,-71.05,25.16,17.63,7.96,0.364,14.2,True,
2026-09-14 20:04:28,41,0.0059,1.2267,0.6896,eval,-25.000,nan,nan,nan,nan,nan,0.000,16.1,True,
2026-09-14 20:05:31,42,0.3448,1.8245,0.4368,eval,-25.000,nan,nan,nan,nan,nan,0.000,15.4,True,
2026-09-14 20:06:33,43,0.3541,1.5798,0.3273,eval,-67.636,0.175,-72.86,30.06,19.58,7.14,0.364,15.4,True,
2026-09-14 20:07:35,44,0.3127,1.8191,0.1461,eval,-25.000,nan,nan,nan,nan,nan,0.000,13.9,True,
2026-09-14 20:08:37,45,0.2834,1.5687,0.4647,eval,-73.901,0.085,-71.23,25.51,17.87,8.00,0.455,14.0,True,
2026-09-14 20:09:39,46,0.0687,1.7489,0.4064,eval,-67.298,0.177,-74.64,27.87,18.26,7.74,0.364,14.8,True,
2026-09-14 20:10:41,47,0.3673,1.2398,0.1128,eval,-25.000,nan,nan,nan,nan,nan,0.000,14.6,True,
2026-09-14 20:11:43,48,0.3718,1.7118,0.1272,eval,-25.000,nan,nan,nan,nan,nan,0.000,15.5,True,
2026-09-14 20:12:45,49,0.2925,1.7323,0.0380,eval,-25.000,nan,nan,nan,nan,nan,0.000,16.2,True,
2026-09-14 20:13:47,50,0.2814,1.2823,0.3466,eval,-75.759,0.172,-74.90,32.57,21.00,8.97,0.182,14.8,True,
2026-09-14 20:14:49,51,0.3229,1.6080,0.3808,eval,-67.325,0.175,-73.97,26.76,17.76,6.44,0.364,14.9,True,
2026-09-14 20:15:52,52,0.1909,1.7096,0.7459,eval,-71.485,0.166,-71.97,23.54,17.41,6.22,0.364,16.0,True,
2026-09-14 20:16:54,53,0.5912,1.7099,0.5260,eval,-72.052,0.178,-70.64,25.38,17.80,7.14,0.364,14.1,True,
2026-09-14 20:17:56,54,0.2997,1.3795,0.4174,eval,-67.418,0.178,-82.36,30.46,19.74,8.25,0.364,15.6,True,
2026-09-14 20:18:58,55,0.1045,1.7106,0.4077,eval,-66.020,0.160,-79.21,31.19,20.23,6.47,0.273,16.4,True,
2026-09-14 20:20:00,56,0.1304,1.6757,0.3349,eval,-25.000,nan,nan,nan,nan,nan,0.000,15.6,True,
2026-09-14 20:21:02,57,0.1906,1.7475,0.4523,eval,-79.406,0.186,-79.83,33.59,22.34,8.03,0.182,16.1,True,
2026-09-14 20:22:04,58,0.1750,1.4503,0.3111,eval,-25.000,nan,nan,nan,nan,nan,0.000,15.5,True,
2026-09-14 20:23:06,59,0.0848,1.5152,0.3600,eval,-68.528,0.092,-73.51,25.39,17.39,6.63,0.545,16.2,True,
2026-09-14 20:35:30,60,0.0600,1.6726,0.2886,eval,-25.000,nan,nan,nan,nan,nan,0.000,15.5,True,
2026-09-14 20:36:30,61,0.3680,1.6861,0.2362,eval,-67.750,0.160,-69.36,28.12,18.89,6.35,0.364,15.1,True,
2026-09-14 20:37:31,62,0.2474,1.2881,0.5613,eval,-70.653,0.196,-73.40,24.30,16.88,8.10,0.455,15.5,True,
2026-09-14 20:38:33,63,0.2596,1.5269,0.4475,eval,-73.701,0.171,-83.52,31.47,20.99,8.95,0.364,16.1,True,
2026-09-14 20:39:35,64,0.1590,1.6338,0.1876,eval,-68.950,0.168,-68.89,30.90,20.30,6.13,0.364,15.3,True,
2026-09-14 20:40:36,65,0.0949,1.6442,0.4441,eval,-64.962,0.178,-77.48,29.50,18.93,6.85,0.364,15.7,True,
2026-09-14 20:42:01,65,0.0949,1.6442,0.4441,full22,-64.913,0.185,-76.77,28.55,18.25,6.69,0.300,16.0,True,v9_best_trial65.npz
2026-09-14 20:43:02,66,0.4449,1.6787,0.2654,eval,-65.455,0.201,-70.83,29.53,20.62,6.44,0.455,16.5,True,
2026-09-14 20:44:03,67,0.2205,1.6011,0.3281,eval,-71.600,0.181,-78.99,31.80,21.39,6.68,0.364,17.1,True,
2026-09-14 20:45:04,68,0.0034,1.6512,0.2790,eval,-25.000,nan,nan,nan,nan,nan,0.000,14.7,True,
2026-09-14 20:46:05,69,0.2831,1.7470,0.2111,eval,-25.000,nan,nan,nan,nan,nan,0.000,13.9,True,
2026-09-14 20:47:05,70,0.0836,1.7856,0.3452,eval,-70.945,0.197,-73.16,26.59,18.02,8.19,0.455,15.4,True,
2026-09-14 20:48:07,71,0.1594,1.6302,0.2130,eval,-25.000,nan,nan,nan,nan,nan,0.000,14.8,True,
2026-09-14 20:49:07,72,0.0925,1.1487,0.3266,eval,-65.014,0.187,-73.57,28.39,18.22,6.99,0.364,15.5,True,
2026-09-14 20:50:08,73,0.3054,1.8253,0.4804,eval,-25.000,nan,nan,nan,nan,nan,0.000,15.3,True,
2026-09-14 20:51:09,74,0.1735,1.5443,0.4088,eval,-25.000,nan,nan,nan,nan,nan,0.000,15.4,True,
2026-09-14 20:52:10,75,0.2838,0.9948,0.0598,eval,-72.825,0.180,-53.19,31.40,23.52,6.81,0.364,14.7,True,
2026-09-14 20:53:11,76,0.5514,1.6206,0.0368,eval,-70.453,0.105,-53.92,28.39,21.98,7.38,0.545,15.0,True,
2026-09-14 20:54:11,77,0.1035,1.7935,0.5495,eval,-64.910,0.176,-77.89,26.88,17.65,6.73,0.364,16.1,True,
2026-09-14 20:55:35,77,0.1035,1.7935,0.5495,full22,-64.407,0.154,-78.75,28.60,18.55,6.72,0.400,16.3,True,v9_best_trial77.npz
2026-09-14 20:56:36,78,0.0975,1.2093,0.4811,eval,-74.242,0.172,-71.12,25.43,17.61,9.17,0.364,14.3,True,
2026-09-14 20:57:36,79,0.2336,1.7721,0.3743,eval,-25.000,nan,nan,nan,nan,nan,0.000,15.6,True,
2026-09-14 20:58:37,80,0.1153,0.9934,0.5223,eval,-25.000,nan,nan,nan,nan,nan,0.000,15.7,True,
2026-09-14 20:59:39,81,0.1494,1.5564,0.4450,eval,-62.468,0.176,-78.70,28.63,18.51,6.06,0.364,15.9,True,
2026-09-14 21:01:03,81,0.1494,1.5564,0.4450,full22,-63.488,0.183,-77.85,28.21,18.22,6.11,0.300,16.6,True,v9_best_trial81.npz
2026-09-14 21:02:05,82,0.1182,1.7874,0.3618,eval,-77.284,0.179,-70.56,24.56,17.71,9.61,0.364,13.4,True,
2026-09-14 21:03:06,83,0.1828,1.7984,0.4885,eval,-25.000,nan,nan,nan,nan,nan,0.000,16.6,True,
2026-09-14 21:04:07,84,0.0797,1.7172,0.6617,eval,-63.997,0.163,-77.09,29.10,18.88,6.89,0.364,15.9,True,
2026-09-14 21:05:07,85,0.1050,0.8107,0.2673,eval,-66.433,0.182,-71.51,29.91,19.39,7.06,0.364,15.4,True,
2026-09-14 21:06:09,86,0.0960,1.6350,0.4993,eval,-67.212,0.181,-74.31,27.13,18.00,7.33,0.364,15.5,True,
2026-09-14 21:07:09,87,0.1551,1.4850,0.7016,eval,-25.000,nan,nan,nan,nan,nan,0.000,15.9,True,
2026-09-14 21:08:10,88,0.5230,1.6924,0.2566,eval,-71.436,0.103,-71.37,26.61,18.66,7.83,0.545,15.3,True,
2026-09-14 21:09:10,89,0.2687,1.8554,0.4016,eval,-67.646,0.177,-73.55,26.65,17.88,6.31,0.364,15.1,True,
2026-09-14 21:10:11,90,0.2089,1.6870,0.8172,eval,-63.574,0.085,-79.13,28.99,19.16,6.32,0.364,15.9,True,
2026-09-14 21:11:12,91,0.0082,1.5500,0.5930,eval,-63.329,0.177,-79.85,29.87,19.59,6.53,0.364,16.8,True,
2026-09-14 21:12:13,92,0.1131,1.7763,0.6440,eval,-25.000,nan,nan,nan,nan,nan,0.000,16.8,True,
2026-09-14 21:13:13,93,0.1736,1.7181,0.6004,eval,-65.354,0.163,-75.21,30.02,19.45,7.01,0.364,15.7,True,
2026-09-14 21:14:14,94,0.1514,1.8666,0.4661,eval,-25.000,nan,nan,nan,nan,nan,0.000,15.4,True,
2026-09-14 21:15:14,95,0.2420,1.7129,0.6034,eval,-67.112,0.086,-78.33,28.92,19.26,7.53,0.364,15.8,True,
2026-09-14 21:16:15,96,0.0320,1.8267,0.6225,eval,-67.292,0.169,-76.30,30.70,19.88,7.46,0.273,15.9,True,
2026-09-14 21:17:15,97,0.1465,1.7941,0.7263,eval,-25.000,nan,nan,nan,nan,nan,0.000,15.9,True,
2026-09-14 21:18:16,98,0.1770,1.6569,0.2618,eval,-70.313,0.176,-71.32,32.45,21.91,6.43,0.182,16.3,True,
2026-09-14 21:19:17,99,0.2114,1.7275,0.4289,eval,-72.260,0.087,-80.99,31.74,21.30,7.36,0.364,16.5,True,
2026-09-14 21:20:18,100,0.1063,1.8260,0.6136,eval,-25.000,nan,nan,nan,nan,nan,0.000,15.3,True,
2026-09-14 21:21:18,101,0.2182,1.7100,0.8332,eval,-66.493,0.090,-79.97,28.47,19.28,6.36,0.364,16.4,True,
2026-09-14 21:22:19,102,0.1459,1.4402,0.5699,eval,-25.000,nan,nan,nan,nan,nan,0.000,15.8,True,
2026-09-14 21:23:20,103,0.1763,1.1384,0.7884,eval,-25.000,nan,nan,nan,nan,nan,0.000,15.5,True,
2026-09-14 21:24:21,104,0.3225,1.5512,0.5415,eval,-75.761,0.166,-76.10,34.04,22.59,6.66,0.182,15.5,True,
2026-09-14 21:25:21,105,0.0361,1.6023,0.5633,eval,-25.000,nan,nan,nan,nan,nan,0.000,16.1,True,
2026-09-14 21:26:21,106,0.2111,1.5647,0.7917,eval,-66.992,0.084,-74.38,27.21,18.26,5.94,0.364,15.5,True,
2026-09-14 21:27:22,107,0.0701,1.5842,0.7862,eval,-65.062,0.093,-72.77,27.41,18.21,5.77,0.182,14.9,True,
2026-09-14 21:28:22,108,0.0342,1.4455,0.7352,eval,-25.000,nan,nan,nan,nan,nan,0.000,15.9,True,
2026-09-14 21:29:23,109,0.0959,1.5426,0.8814,eval,-25.000,nan,nan,nan,nan,nan,0.000,15.9,True,
2026-09-14 21:30:22,110,0.1269,1.1161,0.2287,eval,-68.166,0.194,-71.11,30.40,19.67,6.66,0.364,15.8,True,
2026-09-14 21:31:22,111,0.1848,1.6403,0.4512,eval,-25.000,nan,nan,nan,nan,nan,0.000,15.3,True,
2026-09-14 21:32:22,112,0.1186,1.6051,0.5739,eval,-64.893,0.167,-74.26,28.45,18.61,5.77,0.364,15.8,True,
2026-09-14 21:33:23,113,0.1256,1.6828,0.5630,eval,-64.471,0.162,-77.22,28.39,18.70,6.17,0.364,16.2,True,
2026-09-14 21:34:23,114,0.0651,1.6624,0.6091,eval,-66.429,0.089,-75.53,27.78,18.39,6.83,0.455,15.4,True,
2026-09-14 21:35:24,115,0.3544,1.6054,0.8424,eval,-25.000,nan,nan,nan,nan,nan,0.000,15.7,True,
2026-09-14 21:36:24,116,0.0191,1.5172,0.5685,eval,-65.266,0.166,-72.85,27.76,18.69,5.75,0.364,15.9,True,
2026-09-14 21:37:24,117,0.0848,1.6878,0.6171,eval,-64.542,0.168,-76.99,28.25,18.45,6.67,0.364,15.6,True,
2026-09-14 21:38:24,118,0.0402,1.6059,0.6935,eval,-25.000,nan,nan,nan,nan,nan,0.000,15.9,True,
2026-09-14 21:39:25,119,0.1007,1.4396,0.7531,eval,-62.243,0.166,-81.27,28.55,18.66,6.40,0.364,15.8,True,
2026-09-14 21:40:49,119,0.1007,1.4396,0.7531,full22,-62.234,0.167,-81.39,28.83,18.81,6.33,0.300,16.6,True,v9_best_trial119.npz
